Activity Type,Date,Favorite,Title,Distance,Calories,Time,Avg HR,Max HR,Aerobic TE,Avg Run Cadence,Max Run Cadence,Avg Pace,Best Pace,Total Ascent,Total Descent,Avg Stride Length,Avg Vertical Ratio,Avg Vertical Oscillation,Avg Ground Contact Time,Avg GCT Balance,Avg Run Cadence,Max Run Cadence,Normalized Power® (NP®),L/R Balance,Training Stress Score®,Max Avg Power (20 min),Avg Power,Max Power,Total Strokes,Avg. Swolf,Avg Stroke Rate,Steps,Min Temp,Decompression,Best Lap Time,Number of Laps,Max Temp,Avg Resp,Min Resp,Max Resp,Moving Time,Elapsed Time,Min Elevation,Max Elevation
Running,3/26/2025 13:27,FALSE,Baltimore Running,3.01,324,0:26:24,150,166,3.1,170,177,8:46,7:54,142,143,1.08,--,--,--,--,--,--,--,--,0,--,--,--,--,--,--,"4,504",59,No,00:06.5,4,78.8,--,--,--,0:26:15,0:27:31,14,96
Indoor Cycling,3/26/2025 7:47,FALSE,60': Aerobic / Active Recovery w,16.77,586,1:00:00,132,148,2.9,--,--,16.8,45.5,--,--,--,--,--,--,--,87,96,144,--,49.1,151,141,175,5258,--,--,--,77,No,00:00.4,16,84.2,--,--,--,0:59:57,1:07:04,--,--
Pool Swim,3/25/2025 15:32,FALSE,Pool Swim,"2,400",406,0:51:22,134,159,2.5,--,--,1:41,1:18,--,--,--,--,--,--,--,--,--,--,--,0,--,--,--,1096,37,27,--,--,No,00:07.7,48,--,--,--,--,0:40:35,0:52:00,--,--
Running,3/25/2025 6:13,FALSE,Baltimore Running,4.67,494,0:39:46,153,176,3.7,172,185,8:31,6:58,70,125,1.1,--,--,--,--,--,--,--,--,0,--,--,--,--,--,--,"6,890",60.8,No,06:35.0,5,80.6,--,--,--,0:39:41,0:40:54,-3,87
Indoor Cycling,3/23/2025 9:39,FALSE,Indoor Cycling,27.75,950,1:30:02,141,165,3.6,--,--,18.5,22.3,--,--,--,--,--,--,--,89,102,159,--,90.3,165,155,336,8054,--,--,--,77,No,09:56.6,6,84.2,--,--,--,1:29:57,1:33:25,--,--
Running,3/22/2025 11:18,FALSE,Baltimore Running,9.01,996,1:33:00,142,160,3.5,164,169,10:19,8:39,173,169,0.95,--,--,--,--,--,--,--,--,0,--,--,--,--,--,--,"15,208",64.4,No,00:03.1,10,73.4,--,--,--,1:32:57,1:33:00,5,38
Pool Swim,3/21/2025 10:39,FALSE,Pool Swim,"1,600",265,0:31:39,130,157,2.1,--,--,1:45,1:27,--,--,--,--,--,--,--,--,--,--,--,0,--,--,--,742,38,27,--,--,No,00:09.2,16,--,--,--,--,0:27:53,0:41:06,--,--
Indoor Cycling,3/20/2025 10:17,FALSE,Indoor Cycling,12.67,435,0:46:01,131,146,2.6,--,--,16.5,18,--,--,--,--,--,--,--,93,120,139,--,34.8,148,136,166,4306,--,--,--,78.8,No,09:40.0,3,86,--,--,--,0:45:58,0:46:01,--,--
Running,3/18/2025 18:05,FALSE,Baltimore Running,3.12,346,0:28:48,153,174,3.2,169,176,9:14,8:09,61,108,1.03,--,--,--,--,--,--,--,--,0,--,--,--,--,--,--,"4,862",66.2,No,01:06.5,4,78.8,--,--,--,0:28:45,0:29:15,66,146
Multisport,3/16/2025 7:01,FALSE,Ironman 70.3 Puerto Rico - 2025,69.56,"3,467",6:23:05,--,168,5,--,--,10.9,--,"1,652","1,628",--,--,--,--,--,--,--,--,--,0,--,--,--,--,--,--,--,--,No,--:--:--,5,--,--,--,--,--:--:--,6:23:05,14,168
Open Water Swimming,3/15/2025 11:16,FALSE,Santurce Open Water Swimming,543,97,0:10:39,111,129,0.4,--,--,1:58,1:23,--,--,--,--,--,--,--,--,--,--,--,0,--,--,--,287,47,28,--,82.4,No,00:54.2,2,98.6,--,--,--,0:10:06,0:11:59,--,--
Cycling,3/15/2025 10:01,FALSE,Santurce Cycling,1.58,37,07:46.3,108,123,0.6,--,--,12.2,18.3,14,23,--,--,--,--,--,61,89,86,48% L / 52% R,2.1,--,58,296,324,--,--,--,86,No,07:46.3,1,87.8,--,--,--,0:07:40,08:20.4,5,25
Running,3/14/2025 16:00,FALSE,Santurce Running,1,109,09:10.7,151,164,2.1,167,238,9:08,7:42,--,10,1.05,--,--,--,--,--,--,--,--,0,--,--,--,--,--,--,"1,520",86,No,00:02.4,2,89.6,--,--,--,09:09.3,09:23.0,10,27
Running,3/13/2025 6:11,FALSE,Baltimore Running,3.12,335,0:29:31,130,149,2.9,167,214,9:27,8:30,92,103,1.02,--,--,--,--,--,--,--,--,0,--,--,--,--,--,--,"4,946",55.4,No,01:07.0,4,86,--,--,--,0:29:24,0:31:22,-3,95
Running,3/11/2025 6:32,FALSE,Baltimore Running,3.12,331,0:27:49,145,164,3,166,175,8:55,7:16,79,99,1.08,--,--,--,--,--,--,--,--,0,--,--,--,--,--,--,"4,654",53.6,No,01:01.7,4,82.4,--,--,--,0:27:46,0:29:20,-1,96
Running,3/9/2025 12:12,FALSE,Baltimore Running,12,"1,290",1:50:27,156,168,4.4,170,178,9:12,8:03,479,464,1.02,7.7,8,225,49.0% L / 51.0% R,--,--,--,--,0,--,--,--,--,--,--,"18,538",60.8,No,00:04.4,13,77,35,18,45,1:50:05,1:58:52,-3,85
Indoor Cycling,3/8/2025 6:56,FALSE,75': 4 x (5' low tempo + 5' low,21.41,781,1:15:00,142,160,3.4,--,--,17.1,18.8,--,--,--,--,--,--,--,88,125,158,--,73.7,164,152,186,6598,--,--,--,78.8,No,00:00.2,18,84.2,--,--,--,1:14:58,1:15:24,--,--
Pool Swim,3/7/2025 7:50,FALSE,Pool Swim,"2,200",362,0:45:44,131,159,2.2,--,--,1:44,1:21,--,--,--,--,--,--,--,--,--,--,--,0,--,--,--,1041,38,27,--,--,No,00:12.9,25,--,--,--,--,0:38:13,0:46:55,--,--
Running,3/6/2025 7:02,FALSE,Baltimore Running,1.53,167,0:13:11,151,163,2.5,172,184,8:36,7:25,133,90,1.09,--,--,--,--,--,--,--,--,0,--,--,--,--,--,--,"2,280",57.2,No,04:34.2,2,82.4,--,--,--,0:13:11,0:13:23,56,125
Indoor Cycling,3/6/2025 6:01,FALSE,55': Aerobic Endurance / Active,15.19,521,0:55:03,125,139,2.6,--,--,16.6,24.3,--,--,--,--,--,--,--,83,92,140,--,42.3,144,136,172,4622,--,--,--,77,No,00:03.4,18,84.2,--,--,--,0:55:00,0:55:03,--,--
Running,3/4/2025 18:47,FALSE,Baltimore Running,3.19,365,0:30:00,159,174,3.2,168,177,9:24,6:55,79,120,1.02,--,--,--,--,--,--,--,--,0,--,--,--,--,--,--,"5,066",60.8,No,01:58.6,4,78.8,--,--,--,0:29:53,0:30:39,-3,72
Pool Swim,3/4/2025 16:54,FALSE,Pool Swim,"2,400",407,0:52:49,141,171,3,--,--,1:43,1:19,--,--,--,--,--,--,--,--,--,--,--,0,--,--,--,1118,37,27,--,--,No,00:06.0,46,--,--,--,--,0:41:06,0:53:20,--,--
Running,3/2/2025 12:10,FALSE,Baltimore Running,3.13,346,0:29:00,155,175,3.1,165,177,9:17,8:13,137,102,1.05,--,--,--,--,--,--,--,--,0,--,--,--,--,--,--,"4,850",53.6,No,02:08.6,4,78.8,--,--,--,0:28:50,0:30:46,28,102
Indoor Cycling,3/2/2025 9:28,FALSE,143' 6 x (7' @ 70%+8' @ 82% +3',39.46,"1,380",2:23:01,137,150,3.7,--,--,16.6,18.1,--,--,--,--,--,--,--,88,125,143,--,116.3,145,140,161,12664,--,--,--,73.4,No,00:00.7,26,82.4,--,--,--,2:22:51,2:25:03,--,--
Running,3/1/2025 9:10,FALSE,Baltimore Running,17,"1,794",2:44:11,155,166,4.6,168,175,9:39,8:09,705,712,0.97,7.7,7.6,230,51.0% L / 49.0% R,--,--,--,--,0,--,--,--,--,--,--,"27,284",64.4,No,00:02.3,18,78.8,34,20,42,2:43:37,2:57:26,-5,94
Pool Swim,2/28/2025 15:42,FALSE,Pool Swim,"2,800",469,1:06:12,132,157,2.6,--,--,1:44,1:17,--,--,--,--,--,--,--,--,--,--,--,0,--,--,--,1319,38,27,--,--,No,00:05.7,46,--,--,--,--,0:48:38,1:06:51,--,--
Indoor Cycling,2/27/2025 6:07,FALSE,78': 30' WU + Mixed 3 x 8' @ 95%,16.72,582,1:01:00,134,151,2.9,--,--,16.4,18.2,--,--,--,--,--,--,--,87,96,144,--,50,149,138,185,5326,--,--,--,78.8,No,00:00.3,18,86,--,--,--,1:00:57,1:01:39,--,--
Running,2/26/2025 17:42,FALSE,Baltimore Running,4.5,508,0:42:04,150,161,3.3,169,174,9:21,7:34,81,133,1.02,--,--,--,--,--,--,--,--,0,--,--,--,--,--,--,"7,098",62.6,No,04:42.8,5,77,--,--,--,0:42:02,0:43:29,-14,85
Running,2/25/2025 17:22,FALSE,Baltimore Running,4.06,450,0:36:10,156,173,3.4,168,177,8:55,7:40,44,442,1.07,--,--,--,--,--,--,--,--,0,--,--,--,--,--,--,"6,092",68,No,00:31.6,5,73.4,--,--,--,0:36:06,0:37:09,-21,79
Running,2/23/2025 13:22,FALSE,Baltimore Running,2.01,236,0:21:13,152,176,2.4,163,249,10:35,9:06,72,93,0.93,--,--,--,--,--,--,--,--,0,--,--,--,--,--,--,"3,472",60.8,No,00:03.8,3,75.2,--,--,--,0:21:09,0:23:39,13,89
Indoor Cycling,2/23/2025 10:36,FALSE,180' 3 x (30' low 70.3 + 10' hig,34.12,"1,206",2:00:00,149,170,3.9,--,--,17.1,18.5,--,--,--,--,--,--,--,93,126,150,--,106.1,165,146,179,11203,--,--,--,78.8,No,00:00.2,11,84.2,--,--,--,1:59:44,2:05:29,--,--
Running,2/22/2025 10:12,FALSE,Baltimore Running,9.52,"1,026",1:42:42,140,171,3.3,164,177,10:47,8:32,296,250,0.91,--,--,--,--,--,--,--,--,0,--,--,--,--,--,--,"16,936",51.8,No,07:57.1,10,77,--,--,--,1:42:26,1:49:51,-5,97
Indoor Cycling,2/22/2025 9:22,FALSE,30': Aerobic ride @ 70-75% FTP,8.3,296,0:30:00,137,151,2.5,--,--,16.6,17.2,--,--,--,--,--,--,--,90,97,145,--,24.5,150,143,246,2715,--,--,--,77,No,00:00.3,6,80.6,--,--,--,0:29:59,0:30:00,--,--
Indoor Cycling,2/20/2025 6:04,FALSE,"65': 9x90 Hard Efforts""",17.02,590,1:03:01,133,156,2.9,--,--,16.2,20.5,--,--,--,--,--,--,--,88,98,149,--,55.2,160,135,229,5545,--,--,--,77,No,0:01:30,23,82.4,--,--,--,1:02:54,1:03:35,--,--
Indoor Cycling,2/19/2025 9:30,FALSE,60': Zone 2 Vary cadence. 10' wa,16.04,541,1:00:00,139,150,2.7,--,--,16,16.8,--,--,--,--,--,--,--,92,124,129,--,39.5,133,129,134,5554,--,--,--,71.6,No,00:00.3,22,82.4,--,--,--,0:59:58,1:00:00,--,--
Running,2/18/2025 20:01,FALSE,Baltimore Running,7.51,827,1:07:16,163,182,3.9,172,179,8:58,7:50,299,302,1.05,--,--,--,--,--,--,--,--,0,--,--,--,--,--,--,"11,662",39.2,No,04:53.4,8,78.8,--,--,--,1:06:48,1:13:49,-14,106
Pool Swim,2/18/2025 17:12,FALSE,Pool Swim,"2,700",445,0:56:27,155,174,3.5,--,--,1:45,1:24,--,--,--,--,--,--,--,--,--,--,--,0,--,--,--,1268,38,27,--,--,No,00:01.0,34,--,--,--,--,0:47:14,0:56:59,--,--
Running,2/16/2025 11:54,FALSE,Baltimore Running,3.01,322,0:27:16,146,166,3,162,181,9:03,7:29,114,104,1.1,--,--,--,--,--,--,--,--,0,--,--,--,--,--,--,"4,462",60.8,No,00:04.4,4,78.8,--,--,--,0:25:22,0:30:17,18,100
Indoor Cycling,2/16/2025 11:09,FALSE,30': Aerobic (55->80%) Pre-Run R,8.3,288,0:30:04,135,153,2.4,--,--,16.6,21.5,--,--,--,--,--,--,--,92,101,140,--,23.1,143,138,204,2787,--,--,--,73.4,No,00:03.9,11,80.6,--,--,--,0:30:04,0:30:47,--,--
Running,2/15/2025 12:54,FALSE,Baltimore Running,2.12,233,0:19:00,159,173,2.7,168,176,8:58,7:47,99,82,1.07,--,--,--,--,--,--,--,--,0,--,--,--,--,--,--,"3,216",50,No,01:09.9,3,77,--,--,--,0:18:56,0:20:12,35,106
Indoor Cycling,2/15/2025 10:11,FALSE,135': Aerobic but lots of cadenc,38.1,"1,350",2:15:00,139,156,3.8,--,--,16.9,19.2,--,--,--,--,--,--,--,89,105,150,--,119.5,156,145,207,12037,--,--,--,73.4,No,00:00.3,56,82.4,--,--,--,2:14:55,2:19:56,--,--
Pool Swim,2/14/2025 13:34,FALSE,Pool Swim,"2,900",472,1:00:34,133,161,2.6,--,--,1:47,1:13,--,--,--,--,--,--,--,--,--,--,--,0,--,--,--,1373,39,27,--,--,No,00:09.3,24,--,--,--,--,0:51:49,1:01:15,--,--
Indoor Cycling,2/13/2025 6:18,FALSE,60': Long Warm-up + 3 x (5' IM +,17.35,645,1:00:01,140,152,3.2,--,--,17.3,18.8,--,--,--,--,--,--,--,85,124,159,--,59.4,162,158,187,5152,--,--,--,77,No,00:00.6,17,82.4,--,--,--,0:59:54,1:00:46,--,--
Indoor Cycling,2/12/2025 17:34,FALSE,Indoor Cycling,25.15,903,1:30:00,141,159,3.4,--,--,16.8,20.5,--,--,--,--,--,--,--,88,123,150,--,79.7,155,146,"1,236",7944,--,--,--,75.2,No,00:32.1,6,84.2,--,--,--,1:29:49,1:31:26,--,--
Running,2/11/2025 17:32,FALSE,Baltimore Running,6.01,683,0:56:30,158,169,3.7,170,178,9:25,8:35,118,107,1.01,--,--,--,--,--,--,--,--,0,--,--,--,--,--,--,"9,682",50,No,00:02.8,7,77,--,--,--,0:56:14,1:08:16,3,99
Pool Swim,2/11/2025 13:34,FALSE,Pool Swim,"2,700",442,1:04:09,135,163,2.8,--,--,1:47,1:20,--,--,--,--,--,--,--,--,--,--,--,0,--,--,--,1299,39,27,--,--,No,00:04.5,44,--,--,--,--,0:48:07,1:04:50,--,--
Running,2/9/2025 11:11,FALSE,Baltimore Running,14,"1,479",2:16:57,148,160,4.1,167,174,9:47,8:24,400,422,0.97,7.9,7.8,253,51.2% L / 48.8% R,--,--,--,--,0,--,--,--,--,--,--,"22,598",55.4,No,00:02.4,15,71.6,33,17,42,2:16:35,2:23:28,-21,83
Indoor Cycling,2/9/2025 10:06,FALSE,30': Aerobic (55->80%) Pre-Run R,8.27,287,0:30:00,133,150,2.5,--,--,16.5,18.6,--,--,--,--,--,--,--,92,126,141,--,23.2,147,138,165,2766,--,--,--,75.2,No,00:00.3,11,80.6,--,--,--,0:29:58,0:30:00,--,--
Running,2/8/2025 10:49,FALSE,Baltimore Running,1.64,180,0:15:01,150,163,2.4,169,174,9:10,8:29,54,82,1.04,--,--,--,--,--,--,--,--,0,--,--,--,--,--,--,"2,556",55.4,No,05:37.6,2,82.4,--,--,--,0:14:58,0:15:30,27,101
Indoor Cycling,2/8/2025 8:02,FALSE,3 hours outside or 2.5 hours ins,40.96,"1,466",2:24:00,141,159,4,--,--,17.1,18.7,--,--,--,--,--,--,--,87,103,152,--,131.5,160,148,170,12616,--,--,--,71.6,No,00:00.3,25,82.4,--,--,--,2:23:46,2:30:15,--,--
Pool Swim,2/7/2025 17:18,FALSE,Pool Swim,"3,000",600,1:09:03,130,153,2.6,--,--,1:56,1:31,--,--,--,--,--,--,--,--,--,--,--,0,--,--,--,1581,42,27,--,--,No,00:11.5,38,--,--,--,--,0:58:08,1:09:35,--,--
Indoor Cycling,2/6/2025 6:37,FALSE,63': Aerobic Ride with 2 bumps a,17.27,600,1:03:00,134,145,2.9,--,--,16.4,18.1,--,--,--,--,--,--,--,89,121,141,--,49.1,146,138,185,5657,--,--,--,75.2,No,00:00.4,18,78.8,--,--,--,1:02:57,1:03:00,--,--
Running,2/5/2025 19:14,FALSE,Baltimore Running,4.01,449,0:38:25,157,175,3.2,166,174,9:35,8:11,142,136,1.01,--,--,--,--,--,--,--,--,0,--,--,--,--,--,--,"6,444",53.6,No,00:02.7,5,80.6,--,--,--,0:38:19,0:40:31,9,106
Indoor Cycling,2/5/2025 17:20,FALSE,Indoor Cycling,25.11,885,1:30:01,137,152,3.4,--,--,16.7,18.1,--,--,--,--,--,--,--,87,127,145,--,74.6,161,143,215,7890,--,--,--,77,No,00:24.4,6,82.4,--,--,--,1:29:54,1:31:20,--,--
Pool Swim,2/4/2025 18:20,FALSE,Pool Swim,"2,700",436,0:54:36,132,164,2.4,--,--,1:48,1:32,--,--,--,--,--,--,--,--,--,--,--,0,--,--,--,1266,39,26,--,--,No,00:05.2,16,--,--,--,--,0:48:34,0:55:17,--,--
Running,2/4/2025 6:07,FALSE,Baltimore - 6 miles with a progression of th,6,657,0:54:39,151,172,3.9,171,182,9:06,7:05,134,152,1.03,--,--,--,--,--,--,--,--,0,--,--,--,--,--,--,"9,342",55.4,No,00:01.6,7,78.8,--,--,--,0:54:33,0:57:13,-12,87
Running,2/2/2025 11:31,FALSE,Baltimore Running,1.08,122,0:10:01,157,172,2.2,167,172,9:18,8:38,89,40,1.04,--,--,--,--,--,--,--,--,0,--,--,--,--,--,--,"1,678",51.8,No,00:43.8,2,80.6,--,--,--,09:59.8,0:10:01,56,108
Indoor Cycling,2/2/2025 9:04,FALSE,2/2 Spin 125': Short Hills + Aer,34.27,"1,235",2:00:40,144,163,4.1,--,--,17,20.1,--,--,--,--,--,--,--,86,121,158,--,118.5,161,149,227,10413,--,--,--,75.2,No,00:00.5,37,78.8,--,--,--,2:00:34,2:00:40,--,--
Running,2/1/2025 9:03,FALSE,Baltimore Running,11.18,"1,242",1:43:01,159,176,4.8,171,191,9:13,8:19,341,363,1.02,--,--,--,--,--,--,--,--,0,--,--,--,--,--,--,"17,690",53.6,No,00:13.4,16,77,--,--,--,1:42:50,1:51:39,-39,91
Indoor Cycling,2/1/2025 7:45,FALSE,30': Easy pyramid to open legs,8.17,275,0:30:01,134,152,2.4,--,--,16.3,17.3,--,--,--,--,--,--,--,89,125,135,--,21.1,140,132,154,2688,--,--,--,75.2,No,00:01.0,8,78.8,--,--,--,0:29:50,0:30:01,--,--
Pool Swim,1/31/2025 16:56,FALSE,Pool Swim,"2,300",460,0:55:51,134,161,2.7,--,--,1:55,1:26,--,--,--,--,--,--,--,--,--,--,--,0,--,--,--,1206,42,27,--,--,No,00:03.0,52,--,--,--,--,0:44:16,0:56:38,--,--
Indoor Cycling,1/30/2025 6:02,FALSE,60': 3 x (9' high AeT + 1' LT +,16.31,553,1:00:00,130,145,2.9,--,--,16.3,19.1,--,--,--,--,--,--,--,88,127,137,--,44.1,140,132,329,5309,--,--,--,75.2,No,00:00.5,11,84.2,--,--,--,0:59:40,1:00:32,--,--
Running,1/29/2025 18:28,FALSE,Baltimore Running,1.08,124,0:10:00,155,170,2.4,168,176,9:15,7:49,75,62,1.04,--,--,--,--,--,--,--,--,0,--,--,--,--,--,--,"1,694",60.8,No,00:46.4,2,82.4,--,--,--,0:10:00,0:10:12,61,103
Indoor Cycling,1/29/2025 17:18,FALSE,60': 7 x 3' simulated hill climb,16.57,575,1:00:02,141,165,3.3,--,--,16.6,23.2,--,--,--,--,--,--,--,93,129,154,--,55.9,153,138,202,5607,--,--,--,77,No,00:02.0,22,84.2,--,--,--,0:59:59,1:01:00,--,--
Pool Swim,1/28/2025 15:17,FALSE,Pool Swim,"2,300",401,0:55:32,143,166,3.1,--,--,1:39,1:18,--,--,--,--,--,--,--,--,--,--,--,0,--,--,--,1078,37,28,--,--,No,00:09.7,68,--,--,--,--,0:38:04,0:56:03,--,--
Running,1/28/2025 6:08,FALSE,Baltimore Running,4.4,493,0:40:00,155,172,3.6,171,183,9:06,7:09,110,126,1.03,--,--,--,--,--,--,--,--,0,--,--,--,--,--,--,"6,826",57.2,No,00:58.4,15,82.4,--,--,--,0:39:57,0:40:40,-3,100
Indoor Cycling,1/26/2025 9:00,FALSE,120': 5 x (3' climb + 2' crestin,34.01,"1,204",2:00:11,137,160,4,--,--,17,24.3,--,--,--,--,--,--,--,87,129,153,--,111.1,156,146,228,10557,--,--,--,73.4,No,00:11.5,46,82.4,--,--,--,2:00:05,2:00:55,--,--
Running,1/25/2025 13:10,FALSE,Baltimore Running,12,"1,338",1:51:10,159,177,5,171,236,9:16,7:26,392,330,1.01,--,--,--,--,--,--,--,--,0,--,--,--,--,--,--,"19,096",53.6,No,00:02.8,13,78.8,--,--,--,1:50:59,2:01:31,-6,100
Running,1/24/2025 17:46,FALSE,Baltimore Running,2.68,299,0:25:00,155,171,3.1,168,176,9:21,7:49,92,91,1.02,--,--,--,--,--,--,--,--,0,--,--,--,--,--,--,"4,240",48.2,No,06:39.1,3,78.8,--,--,--,0:24:56,0:26:10,20,94
Pool Swim,1/24/2025 13:47,FALSE,Pool Swim,"2,100",350,0:44:39,150,184,3.5,--,--,1:43,1:18,--,--,--,--,--,--,--,--,--,--,--,0,--,--,--,984,37,27,--,--,No,00:09.0,16,--,--,--,--,0:36:04,0:45:24,--,--
Indoor Cycling,1/23/2025 18:07,FALSE,60': 4x(5' High AeT + 1' effort,16.26,543,1:00:01,151,170,3.2,--,--,16.3,23.2,--,--,--,--,--,--,--,94,129,135,--,43,139,129,195,5693,--,--,--,77,No,00:00.7,17,82.4,--,--,--,0:59:58,1:03:17,--,--
Indoor Cycling,1/22/2025 16:37,FALSE,60': 3 x (9' high AeT + 1' LT +,16.45,559,1:00:15,147,164,3.2,--,--,16.4,25.5,--,--,--,--,--,--,--,101,131,137,--,44.4,140,133,364,6105,--,--,--,73.4,No,00:15.4,11,82.4,--,--,--,1:00:09,1:00:15,--,--
Running,1/21/2025 17:25,FALSE,Baltimore Running,4.48,434,0:35:51,149,173,3.5,169,179,8:01,6:32,98,142,1.19,--,--,--,--,--,--,--,--,0,--,--,--,--,--,--,"6,100",35.6,No,04:20.9,5,75.2,--,--,--,0:35:50,0:37:18,-16,111
Pool Swim,1/21/2025 7:44,FALSE,Pool Swim,"2,000",353,0:54:59,136,174,2.9,--,--,1:41,1:17,--,--,--,--,--,--,--,--,--,--,--,0,--,--,--,934,37,28,--,--,No,00:10.9,66,--,--,--,--,0:33:38,0:55:47,--,--
Indoor Cycling,1/19/2025 8:59,FALSE,90' Recovery spin,24.08,792,1:30:01,139,162,3.4,--,--,16.1,24.5,--,--,--,--,--,--,--,94,127,134,--,64.1,159,125,186,8359,--,--,--,75.2,No,00:01.4,30,80.6,--,--,--,1:29:13,1:30:01,--,--
Running,1/18/2025 16:17,FALSE,Baltimore Running,3.68,397,0:40:01,139,147,2.5,163,170,10:52,9:37,73,124,0.91,--,--,--,--,--,--,--,--,0,--,--,--,--,--,--,"6,552",57.2,No,07:34.6,4,78.8,--,--,--,0:39:55,0:40:33,-12,102
Running,1/17/2025 16:28,FALSE,Baltimore Running,3,343,0:29:01,150,173,3.1,166,248,9:40,7:34,81,94,1,--,--,--,--,--,--,--,--,0,--,--,--,--,--,--,"4,870",55.4,No,00:01.8,4,78.8,--,--,--,0:28:57,0:31:22,-2,87
Running,1/10/2025 5:25,FALSE,Bay Lake Running,6.41,734,1:05:28,144,166,3.4,167,179,10:13,8:27,132,115,0.95,--,--,--,--,--,--,--,--,0,--,--,--,--,--,--,"10,948",51.8,No,04:15.8,7,68,--,--,--,1:04:37,1:05:28,101,159
Running,1/9/2025 5:35,FALSE,Bay Lake Running,3.2,361,0:42:33,138,155,2.1,156,190,13:17,7:26,40,45,0.78,--,--,--,--,--,--,--,--,0,--,--,--,--,--,--,"6,664",51.8,No,01:53.7,4,62.6,--,--,--,0:42:20,0:42:33,85,113
Indoor Cycling,1/5/2025 8:59,FALSE,60': Zone 2 Vary cadence. 10' wa,16.45,540,1:00:00,140,152,2.8,--,--,16.5,17.5,--,--,--,--,--,--,--,92,128,129,--,39.5,133,129,134,5536,--,--,--,77,No,00:00.4,22,82.4,--,--,--,0:59:58,1:00:00,--,--
Running,1/4/2025 13:59,FALSE,Baltimore Running,4.4,500,0:40:16,160,178,3.6,171,178,9:09,8:00,223,256,1.03,--,--,--,--,--,--,--,--,0,--,--,--,--,--,--,"6,930",51.8,No,03:41.4,5,80.6,--,--,--,0:40:11,0:43:40,-33,96
Pool Swim,1/3/2025 15:32,FALSE,Pool Swim,"2,300",379,0:49:52,142,166,3,--,--,1:46,1:24,--,--,--,--,--,--,--,--,--,--,--,0,--,--,--,1133,39,28,--,--,No,00:08.8,28,--,--,--,--,0:40:43,0:51:06,--,--
Running,1/1/2025 10:00,FALSE,Fairfax County Running,3.11,338,0:26:41,153,171,3.2,172,180,8:35,7:34,288,307,1.08,--,--,--,--,--,--,--,--,0,--,--,--,--,--,--,"4,592",57.2,No,00:43.8,4,62.6,--,--,--,0:26:38,0:26:41,325,461
Running,12/31/2024 13:04,FALSE,Baltimore Running,2,217,0:16:56,152,174,2.9,170,186,8:27,7:21,58,90,1.12,--,--,--,--,--,--,--,--,0,--,--,--,--,--,--,"2,890",64.4,No,00:01.8,3,78.8,--,--,--,0:16:55,0:17:47,9,85
Pool Swim,12/31/2024 10:50,FALSE,Pool Swim,"2,100",420,0:49:59,127,148,2,--,--,1:59,1:39,--,--,--,--,--,--,--,--,--,--,--,0,--,--,--,1101,43,26,--,--,No,00:12.6,18,--,--,--,--,0:41:39,0:50:35,--,--
Pool Swim,12/29/2024 7:04,FALSE,Pool Swim,"2,500",500,1:20:55,109,144,1.2,--,--,2:00,1:52,--,--,--,--,--,--,--,--,--,--,--,0,--,--,--,1416,88,28,--,--,No,00:07.0,50,--,--,--,--,0:50:00,1:22:30,--,--
Running,12/28/2024 10:14,FALSE,Baltimore Running,17,"1,795",2:39:15,151,164,4.7,171,182,9:22,7:40,314,304,1,7.7,7.8,243,53.1% L / 46.9% R,--,--,--,--,0,--,--,--,--,--,--,"26,932",50,No,00:01.9,18,75.2,33,17,43,2:38:53,2:52:51,14,86
Pool Swim,12/27/2024 13:54,FALSE,Pool Swim,"2,100",420,0:47:52,130,154,2.2,--,--,1:55,1:28,--,--,--,--,--,--,--,--,--,--,--,0,--,--,--,1066,41,26,--,--,No,00:11.7,16,--,--,--,--,0:40:14,0:48:33,--,--
Running,12/26/2024 16:58,FALSE,Baltimore Running,5.25,574,0:47:16,147,158,3.5,170,182,9:00,7:22,98,119,1.05,--,--,--,--,--,--,--,--,0,--,--,--,--,--,--,"8,044",48.2,No,02:17.2,6,77,--,--,--,0:47:09,0:51:01,-5,87
Running,12/25/2024 9:52,FALSE,Monroe Running,5.01,542,0:44:25,147,163,3.4,173,180,8:52,7:08,132,134,1.05,--,--,--,--,--,--,--,--,0,--,--,--,--,--,--,"7,724",53.6,No,00:02.3,6,80.6,--,--,--,0:44:17,0:45:10,117,172
Running,12/24/2024 9:36,FALSE,Monroe Running,4.01,436,0:36:05,149,159,3.2,175,183,9:00,8:17,105,124,1.02,--,--,--,--,--,--,--,--,0,--,--,--,--,--,--,"6,346",50,No,00:05.0,5,75.2,--,--,--,0:35:58,0:37:31,108,165
Pool Swim,12/24/2024 7:05,FALSE,Pool Swim,"2,000",351,0:56:14,118,153,1.5,--,--,1:42,1:20,--,--,--,--,--,--,--,--,--,--,--,0,--,--,--,948,37,28,--,--,No,00:09.5,66,--,--,--,--,0:34:02,0:56:53,--,--
Running,12/22/2024 8:09,FALSE,Baltimore Running,18.75,"1,906",2:52:01,149,176,4.6,175,181,9:10,7:37,399,411,0.99,7.3,7.4,243,53.0% L / 47.0% R,--,--,--,--,0,--,--,--,--,--,--,"29,824",44.6,No,07:12.6,19,78.8,32,21,41,2:51:44,3:01:40,-24,96
Running,12/21/2024 7:27,FALSE,Baltimore Running,8.51,896,1:15:40,149,162,3.7,173,180,8:54,7:29,157,199,1.05,--,--,--,--,--,--,--,--,0,--,--,--,--,--,--,"13,090",53.6,No,04:27.3,9,77,--,--,--,1:15:27,1:19:52,-24,86
Running,12/20/2024 7:07,FALSE,Baltimore Running,5,545,0:44:11,151,164,3.6,172,181,8:50,7:44,110,125,1.06,--,--,--,--,--,--,--,--,0,--,--,--,--,--,--,"7,640",51.8,No,00:01.8,6,75.2,--,--,--,0:44:04,0:46:16,-1,91
Pool Swim,12/19/2024 11:59,FALSE,Pool Swim,"1,900",380,0:49:06,128,150,2.1,--,--,1:57,1:44,--,--,--,--,--,--,--,--,--,--,--,0,--,--,--,1037,43,28,--,--,No,00:14.1,30,--,--,--,--,0:37:03,0:49:43,--,--
Indoor Cycling,12/18/2024 8:13,FALSE,80': 3x (20' building(aerobic)+,21.25,710,1:20:01,134,150,3,--,--,15.9,18.6,--,--,--,--,--,--,--,93,127,131,--,53.8,132,126,166,7424,--,--,--,73.4,No,00:00.8,11,80.6,--,--,--,1:19:56,1:22:04,--,--
Pool Swim,12/17/2024 15:19,FALSE,Pool Swim,"1,200",240,0:31:07,125,156,2,--,--,2:00,1:33,--,--,--,--,--,--,--,--,--,--,--,0,--,--,--,655,44,27,--,--,No,00:08.6,24,--,--,--,--,0:23:57,0:32:10,--,--
Running,12/17/2024 7:48,FALSE,Baltimore - 5 miler with alternating tempo p,5,544,0:43:52,153,169,3.7,173,184,8:46,7:42,76,121,1.06,--,--,--,--,--,--,--,--,0,--,--,--,--,--,--,"7,612",59,No,00:01.9,6,73.4,--,--,--,0:43:41,0:45:13,-5,79
Running,12/15/2024 10:41,FALSE,Baltimore Running,15.5,"1,626",2:27:20,148,162,4.4,173,181,9:30,7:54,335,302,0.97,7.8,7.7,218,52.4% L / 47.6% R,--,--,--,--,0,--,--,--,--,--,--,"25,254",48.2,No,04:47.9,16,77,32,17,42,2:26:56,2:45:42,7,96
Running,12/14/2024 8:34,FALSE,Baltimore Running,5.08,561,0:43:10,156,181,4,173,186,8:30,7:32,299,312,1.1,--,--,--,--,--,--,--,--,0,--,--,--,--,--,--,"7,460",46.4,No,00:39.1,6,60.8,--,--,--,0:42:33,0:43:10,182,325
Pool Swim,12/13/2024 14:00,FALSE,Pool Swim,"1,700",275,0:43:03,135,160,2.5,--,--,1:49,1:29,--,--,--,--,--,--,--,--,--,--,--,0,--,--,--,785,39,25,--,--,No,00:12.6,20,--,--,--,--,0:30:47,0:43:38,--,--
Indoor Cycling,12/12/2024 8:21,FALSE,Pyramid of Pain (Power),14.56,480,0:56:00,134,159,2.8,--,--,15.6,32,--,--,--,--,--,--,--,100,130,135,--,40.2,140,122,216,5546,--,--,--,73.4,No,00:00.5,27,80.6,--,--,--,0:55:58,0:56:00,--,--
Indoor Cycling,12/11/2024 11:02,FALSE,"75': Long, hard WU. 3 x (10' IM",21.21,781,1:15:00,145,161,3.5,--,--,17,19.2,--,--,--,--,--,--,--,88,97,155,--,71.3,166,152,206,6604,--,--,--,75.2,No,00:00.4,20,86,--,--,--,1:14:59,1:15:00,--,--
Running,12/10/2024 7:02,FALSE,Baltimore Running,4.26,471,0:38:16,149,166,3.4,171,177,8:59,7:42,86,107,1.05,--,--,--,--,--,--,--,--,0,--,--,--,--,--,--,"6,556",57.2,No,02:15.6,5,77,--,--,--,0:38:09,0:40:12,-5,83
Running,12/8/2024 7:54,FALSE,College Park Running,5.9,663,0:53:24,160,179,3.8,168,174,9:03,7:56,348,352,1.06,--,--,--,--,--,--,--,--,0,--,--,--,--,--,--,"8,976",51.8,No,08:33.7,6,68,--,--,--,0:53:22,0:54:54,70,205
Running,12/7/2024 7:44,FALSE,Baltimore Running,14.51,"1,535",2:14:47,154,169,4.5,173,183,9:17,8:16,384,374,0.99,7.6,7.6,237,52.3% L / 47.7% R,--,--,--,--,0,--,--,--,--,--,--,"23,072",48.2,No,04:50.6,15,77,34,18,41,2:14:27,2:21:53,-10,122
Running,12/6/2024 7:47,FALSE,Baltimore - 5 mile tempo run @ varying paces,5,535,0:44:19,151,167,3.4,172,179,8:51,7:41,99,134,1.06,--,--,--,--,--,--,--,--,0,--,--,--,--,--,--,"7,624",44.6,No,00:01.1,6,73.4,--,--,--,0:44:14,0:46:19,-14,88
Indoor Cycling,12/5/2024 6:45,FALSE,60': Tabatas: 4 rounds of 5 x 30,16.73,586,1:00:01,142,158,3.2,--,--,16.7,20.7,--,--,--,--,--,--,--,97,129,147,--,51,152,142,217,5817,--,--,--,75.2,No,00:01.3,59,80.6,--,--,--,0:59:54,1:00:01,--,--
Indoor Cycling,12/4/2024 7:16,FALSE,51': Aerobic / Active Recovery w,11.16,392,0:40:00,146,162,2.9,--,--,16.7,26,--,--,--,--,--,--,--,92,124,144,--,32.5,148,142,352,3691,--,--,--,71.6,No,00:00.4,13,80.6,--,--,--,0:39:56,0:43:30,--,--
Running,12/3/2024 6:08,FALSE,Baltimore Running,4.25,467,0:37:00,152,176,3.7,174,183,8:42,7:22,110,134,1.07,--,--,--,--,--,--,--,--,0,--,--,--,--,--,--,"6,444",46.4,No,02:29.0,5,77,--,--,--,0:36:54,0:38:24,-5,90
Running,12/1/2024 8:40,FALSE,Baltimore Running,7,781,1:03:32,153,163,3.9,173,179,9:04,7:46,88,136,1.03,--,--,--,--,--,--,--,--,0,--,--,--,--,--,--,"10,954",48.2,No,00:02.0,8,75.2,--,--,--,1:03:30,1:04:06,2,91
Indoor Cycling,11/30/2024 10:48,FALSE,75': 4 x (5' low tempo + 5' low,21.57,781,1:15:00,150,166,3.7,--,--,17.3,23.8,--,--,--,--,--,--,--,90,124,158,--,73.8,164,152,190,6828,--,--,--,73.4,No,00:00.4,18,84.2,--,--,--,1:14:58,1:17:15,--,--
Running,11/29/2024 7:13,FALSE,Monroe Running,4.01,440,0:35:41,151,166,3.4,174,179,8:54,8:10,86,83,1.04,--,--,--,--,--,--,--,--,0,--,--,--,--,--,--,"6,192",48.2,No,00:03.5,5,75.2,--,--,--,0:35:38,0:35:58,115,163
Running,11/28/2024 8:31,FALSE,West Windsor Running,3.15,336,0:24:24,160,173,3.6,176,181,7:46,7:06,92,106,1.18,--,--,--,--,--,--,--,--,0,--,--,--,--,--,--,"4,290",51.8,No,01:02.0,4,62.6,--,--,--,0:24:24,0:24:24,93,136
Running,11/27/2024 11:40,FALSE,Monroe Running,4,434,0:33:33,155,186,3.7,174,186,8:23,7:13,109,99,1.1,--,--,--,--,--,--,--,--,0,--,--,--,--,--,--,"5,852",60.8,No,00:01.1,5,78.8,--,--,--,0:33:26,0:34:05,117,161
Running,11/25/2024 16:27,FALSE,Baltimore Running,6.46,720,0:59:00,155,172,3.9,170,177,9:08,7:54,92,142,1.04,--,--,--,--,--,--,--,--,0,--,--,--,--,--,--,"10,072",60.8,No,04:09.4,7,75.2,--,--,--,0:58:48,1:02:01,-8,84
Running,11/22/2024 11:17,FALSE,Baltimore Running,3.26,346,0:26:55,153,166,3.3,172,181,8:16,7:16,93,99,1.13,--,--,--,--,--,--,--,--,0,--,--,--,--,--,--,"4,638",46.4,No,00:52.6,5,80.6,--,--,--,0:26:53,0:28:51,22,84
Indoor Cycling,11/21/2024 6:03,FALSE,"60': 20 x 20 Efforts @ or above""",16.46,548,1:00:02,132,147,2.9,--,--,16.5,21.6,--,--,--,--,--,--,--,91,126,139,--,45.5,141,131,237,5484,--,--,--,78.8,No,00:02.4,51,84.2,--,--,--,1:00:01,1:00:02,--,--
Running,11/20/2024 17:23,FALSE,Baltimore Running,4.01,437,0:35:17,151,170,3.5,169,180,8:49,7:49,40,94,1.08,--,--,--,--,--,--,--,--,0,--,--,--,--,--,--,"5,988",64.4,No,00:01.8,5,77,--,--,--,0:35:14,0:36:48,4,77
Running,11/19/2024 6:14,FALSE,Baltimore Running,4,431,0:33:16,158,175,3.6,171,179,8:19,7:12,76,90,1.13,--,--,--,--,--,--,--,--,0,--,--,--,--,--,--,"5,712",62.6,No,00:01.4,5,78.8,--,--,--,0:33:14,0:34:33,-3,79
Indoor Cycling,11/17/2024 7:47,FALSE,70': Aerobic Workout (4 x 10' Ae,19.55,690,1:10:02,142,155,3.2,--,--,16.7,17.8,--,--,--,--,--,--,--,90,101,144,--,57.3,147,143,167,6354,--,--,--,73.4,No,00:01.9,18,84.2,--,--,--,1:09:59,1:12:35,--,--
Running,11/16/2024 7:27,FALSE,Baltimore Running,8.01,906,1:11:38,156,170,4.4,172,179,8:57,6:49,165,185,1.05,--,--,--,--,--,--,--,--,0,--,--,--,--,--,--,"12,304",62.6,No,00:02.1,9,78.8,--,--,--,1:11:33,1:13:11,-4,82
Running,11/14/2024 6:03,FALSE,Baltimore Running,3.78,418,0:34:00,153,170,3.3,171,179,9:00,8:06,114,115,1.05,--,--,--,--,--,--,--,--,0,--,--,--,--,--,--,"5,822",55.4,No,06:59.2,4,78.8,--,--,--,0:34:00,0:35:06,3,87
Running,11/12/2024 16:17,FALSE,Baltimore Running,4,446,0:34:51,159,180,3.6,170,177,8:42,6:41,89,136,1.09,--,--,--,--,--,--,--,--,0,--,--,--,--,--,--,"5,938",60.8,No,00:01.3,5,80.6,--,--,--,0:34:49,0:35:24,--,83
Running,11/10/2024 6:48,FALSE,Baltimore Running,7.01,763,1:00:30,150,171,4.2,173,180,8:38,7:14,133,141,1.08,--,--,--,--,--,--,--,--,0,--,--,--,--,--,--,"10,470",55.4,No,00:01.9,8,77,--,--,--,1:00:27,1:02:27,-1,87
Running,11/8/2024 17:27,FALSE,Baltimore Running,3.11,328,0:26:11,140,158,3.2,168,176,8:25,7:21,27,64,1.14,--,--,--,--,--,--,--,--,0,--,--,--,--,--,--,"4,424",71.6,No,00:58.0,4,82.4,--,--,--,0:26:08,0:28:16,5,67
Running,11/5/2024 16:34,FALSE,Baltimore Running,4.01,443,0:34:28,163,180,3.6,171,178,8:36,7:41,37,73,1.1,--,--,--,--,--,--,--,--,0,--,--,--,--,--,--,"5,904",77,No,00:03.5,5,82.4,--,--,--,0:34:19,0:36:39,-7,37
Running,11/3/2024 8:03,FALSE,Baltimore Running,3,332,0:26:40,153,169,3.1,170,177,8:53,7:29,106,92,1.06,--,--,--,--,--,--,--,--,0,--,--,--,--,--,--,"4,562",53.6,No,00:01.9,4,71.6,--,--,--,0:26:40,0:27:45,4,85
Running,10/31/2024 6:26,FALSE,Baltimore Running,3,330,0:26:07,146,164,3.2,171,178,8:42,7:46,33,91,1.08,--,--,--,--,--,--,--,--,0,--,--,--,--,--,--,"4,496",66.2,No,00:01.5,4,80.6,--,--,--,0:26:05,0:27:03,-3,81
Running,10/29/2024 17:04,FALSE,Baltimore Running,2.27,233,0:20:01,146,170,2.7,169,177,8:50,7:28,27,89,1.08,--,--,--,--,--,--,--,--,0,--,--,--,--,--,--,"3,426",69.8,No,02:20.4,3,78.8,--,--,--,0:19:51,0:23:06,10,83
Running,10/27/2024 7:57,FALSE,Arlington County Running,26.77,"2,911",4:05:45,162,172,5,170,180,9:11,7:03,735,681,1.02,7.2,7.5,242,50.8% L / 49.2% R,--,--,--,--,0,--,--,--,--,--,--,"41,320",55.4,No,0:20:27,9,73.4,36,25,43,4:05:41,4:05:45,12,243
Running,10/26/2024 6:52,FALSE,Baltimore Running,2.7,296,0:23:31,152,167,3.1,171,177,8:42,7:27,40,85,1.08,--,--,--,--,--,--,--,--,0,--,--,--,--,--,--,"4,028",64.4,No,06:05.3,3,78.8,--,--,--,0:23:25,0:23:31,8,81
Running,10/24/2024 6:03,FALSE,Baltimore Running,3.01,325,0:26:34,144,161,3,171,178,8:50,7:33,95,110,1.07,--,--,--,--,--,--,--,--,0,--,--,--,--,--,--,"4,558",71.6,No,00:03.3,4,82.4,--,--,--,0:26:29,0:27:48,-5,74
Running,10/23/2024 6:55,FALSE,"Baltimore - 4 mile tempo run, middle 2 @MP",4,439,0:36:09,143,163,3.2,169,176,9:02,7:39,51,95,1.06,--,--,--,--,--,--,--,--,0,--,--,--,--,--,--,"6,096",64.4,No,00:01.0,6,80.6,--,--,--,0:36:05,0:36:37,5,85
Running,10/21/2024 7:06,FALSE,Baltimore Running,3,328,0:26:48,142,162,3.1,169,177,8:55,7:54,36,90,1.07,--,--,--,--,--,--,--,--,0,--,--,--,--,--,--,"4,556",62.6,No,00:02.2,4,77,--,--,--,0:26:41,0:28:28,-7,81
Running,10/20/2024 7:48,FALSE,Baltimore Running,2.31,246,0:20:01,152,172,2.8,171,179,8:39,7:46,43,88,1.09,--,--,--,--,--,--,--,--,0,--,--,--,--,--,--,"3,422",57.2,No,02:47.2,3,77,--,--,--,0:20:00,0:20:18,9,86
Running,10/19/2024 6:09,FALSE,Baltimore - 10 Miles @ Goal MP,10,"1,118",1:28:53,156,178,4.5,171,179,8:53,7:46,179,183,1.06,--,--,--,--,--,--,--,--,0,--,--,--,--,--,--,"15,192",57.2,No,00:01.0,11,78.8,--,--,--,1:28:49,1:29:40,-1,83
Running,10/17/2024 5:52,FALSE,Baltimore - 4 miler with middle two Miles Ha,4,441,0:35:03,154,166,3.4,172,179,8:45,7:39,87,125,1.07,--,--,--,--,--,--,--,--,0,--,--,--,--,--,--,"6,042",57.2,No,00:02.4,5,75.2,--,--,--,0:34:56,0:35:03,-11,80
Running,10/16/2024 7:30,FALSE,Baltimore Running,3.5,391,0:32:20,146,166,3.1,170,177,9:14,7:23,92,105,1.03,--,--,--,--,--,--,--,--,0,--,--,--,--,--,--,"5,510",55.4,No,04:49.9,4,77,--,--,--,0:32:14,0:33:25,-3,83
Running,10/15/2024 5:29,FALSE,Baltimore - 10x400 @ tempo pace/200 AR Copy,5.75,637,0:52:36,150,168,3.6,170,181,9:09,7:30,120,126,1.03,--,--,--,--,--,--,--,--,0,--,--,--,--,--,--,"8,922",59,No,00:11.2,23,80.6,--,--,--,0:52:24,0:53:28,4,85
Running,10/13/2024 6:37,FALSE,Baltimore Running,2.25,247,0:20:01,143,157,2.9,169,234,8:53,7:50,32,72,1.07,--,--,--,--,--,--,--,--,0,--,--,--,--,--,--,"3,390",66.2,No,02:10.5,3,78.8,--,--,--,0:19:57,0:20:23,11,68
Running,10/12/2024 6:35,FALSE,Baltimore Running,20,"2,110",3:03:09,155,165,5,173,183,9:09,7:47,449,451,1.01,7.1,7.4,239,50.8% L / 49.2% R,--,--,--,--,0,--,--,--,--,--,--,"31,338",62.6,No,00:02.0,21,78.8,34,23,45,3:02:55,3:18:27,-7,83
Running,10/10/2024 5:42,FALSE,Baltimore - 6 miles with a progression of th,6,657,0:53:16,149,166,3.8,171,181,8:52,7:28,89,109,1.06,--,--,--,--,--,--,--,--,0,--,--,--,--,--,--,"9,138",59,No,00:01.9,7,80.6,--,--,--,0:53:08,0:54:32,-1,81
Running,10/9/2024 6:34,FALSE,Baltimore Running,5.01,553,0:48:23,142,158,3.1,168,174,9:40,7:56,61,104,0.99,--,--,--,--,--,--,--,--,0,--,--,--,--,--,--,"8,118",62.6,No,0:00:03,6,78.8,--,--,--,0:48:19,0:48:39,-1,81
Running,10/8/2024 5:32,FALSE,Baltimore - 5 x 1000m @ 10k Copy,6,644,0:53:55,150,166,3.7,168,184,8:59,6:28,109,126,1.06,--,--,--,--,--,--,--,--,0,--,--,--,--,--,--,"9,064",60.8,No,01:26.1,13,78.8,--,--,--,0:53:47,0:54:42,-1,79
Running,10/6/2024 7:58,FALSE,Baltimore Running,6.21,693,0:58:25,147,159,3.5,168,174,9:25,8:11,54,103,1.02,--,--,--,--,--,--,--,--,0,--,--,--,--,--,--,"9,818",66.2,No,01:59.8,7,80.6,--,--,--,0:58:24,1:00:08,-1,81
Multisport,10/5/2024 9:04,FALSE,Louisa County Multisport,31.16,"1,649",3:05:16,--,170,4.8,--,--,10.1,--,"1,289","1,240",--,--,--,--,--,--,--,--,--,0,--,--,--,--,--,--,--,--,No,--:--:--,5,--,--,--,--,--:--:--,3:05:16,80,220
Running,10/3/2024 5:11,FALSE,Baltimore - 7.5 miler Playing with Tempo thr,7.5,823,1:06:04,152,174,4.2,170,178,8:48,7:17,84,135,1.07,--,--,--,--,--,--,--,--,0,--,--,--,--,--,--,"11,278",69.8,No,00:02.5,9,82.4,--,--,--,1:05:49,1:07:10,-4,79
Running,10/2/2024 6:40,FALSE,Baltimore Running,4.01,427,0:35:01,148,160,3.3,169,176,8:44,7:30,54,120,1.09,--,--,--,--,--,--,--,--,0,--,--,--,--,--,--,"5,944",66.2,No,00:03.2,5,80.6,--,--,--,0:34:57,0:35:58,-13,78
Running,10/1/2024 5:21,FALSE,Baltimore - 8x600@tempo/200 recoveries Copy,6.02,651,0:53:17,151,162,3.8,170,181,8:51,7:08,80,134,1.07,--,--,--,--,--,--,--,--,0,--,--,--,--,--,--,"9,052",68,No,00:22.6,19,84.2,--,--,--,0:52:51,0:56:09,1,81
Running,9/29/2024 7:15,FALSE,Baltimore Running,2.51,259,0:21:11,144,159,2.9,169,176,8:27,7:35,20,62,1.13,--,--,--,--,--,--,--,--,0,--,--,--,--,--,--,"3,590",71.6,No,04:18.4,3,80.6,--,--,--,0:21:11,0:21:48,-8,63
Running,9/28/2024 5:56,FALSE,Baltimore - Marathon 20-miler,20.01,"2,116",3:07:42,158,169,5,170,178,9:23,7:42,399,476,0.99,7.3,7.4,240,50.4% L / 49.6% R,--,--,--,--,0,--,--,--,--,--,--,"31,600",73.4,No,00:03.6,21,82.4,35,20,42,3:07:06,3:23:04,-52,78
Running,9/26/2024 5:27,FALSE,Baltimore - 6 mi with 4 miles at tempo,6.2,672,0:55:06,144,159,3.7,171,179,8:53,7:39,61,114,1.06,--,--,--,--,--,--,--,--,0,--,--,--,--,--,--,"9,434",73.4,No,01:54.8,7,80.6,--,--,--,0:54:58,0:56:29,1,79
Indoor Cycling,9/25/2024 6:44,FALSE,46': 2 x 6' @ IM watts,12.66,436,0:46:01,132,148,2.5,--,--,16.5,18,--,--,--,--,--,--,--,89,116,141,--,36,141,137,171,4132,--,--,--,80.6,No,00:00.5,18,86,--,--,--,0:46:01,0:46:01,--,--
Running,9/24/2024 5:29,FALSE,Baltimore - 10x400@1M/200 AR,6,661,0:52:21,155,171,4,172,187,8:44,6:53,71,126,1.07,--,--,--,--,--,--,--,--,0,--,--,--,--,--,--,"8,956",68,No,01:06.5,23,82.4,--,--,--,0:52:12,0:53:19,-2,78
Running,9/22/2024 6:28,FALSE,Baltimore Running,2.25,238,0:20:15,135,162,2.9,168,176,9:00,7:14,50,93,1.07,--,--,--,--,--,--,--,--,0,--,--,--,--,--,--,"3,388",71.6,No,02:20.4,3,86,--,--,--,0:20:15,0:20:42,-3,81
Running,9/21/2024 6:53,FALSE,Baltimore - Marathon 18-miler,18,"1,967",2:48:12,160,176,5,172,183,9:21,8:03,360,417,0.99,7.3,7.3,246,50.7% L / 49.3% R,--,--,--,--,0,--,--,--,--,--,--,"28,720",73.4,No,00:01.7,19,82.4,35,18,44,2:47:51,2:57:58,-9,116
Running,9/19/2024 5:10,FALSE,Baltimore - 5 miler with alternating tempo p,5.17,574,0:45:01,155,175,4,172,179,8:43,7:29,43,99,1.08,--,--,--,--,--,--,--,--,0,--,--,--,--,--,--,"7,710",73.4,No,01:32.1,6,82.4,--,--,--,0:44:59,0:45:08,1,77
Indoor Cycling,9/18/2024 6:40,FALSE,50': Long Warm-up + 2 x (5' IM +,14.43,537,0:50:01,152,174,3.4,--,--,17.3,20.8,--,--,--,--,--,--,--,88,122,159,--,52.3,167,158,186,4431,--,--,--,82.4,No,00:00.7,15,86,--,--,--,0:49:55,0:50:12,--,--
Running,9/17/2024 5:51,FALSE,Baltimore Running,3.96,435,0:35:01,152,167,3.5,170,182,8:51,7:20,58,107,1.07,--,--,--,--,--,--,--,--,0,--,--,--,--,--,--,"5,948",73.4,No,04:56.5,6,82.4,--,--,--,0:35:00,0:35:25,2,77
Multisport,9/15/2024 8:37,FALSE,2024 USAT Nationals - Sprint,16.19,861,1:21:51,--,175,4.1,--,--,11.7,--,451,481,--,--,--,--,--,--,--,--,--,0,--,--,--,--,--,--,--,--,No,--:--:--,5,--,--,--,--,--:--:--,1:21:50,-89,-20
Running,9/12/2024 6:12,FALSE,Baltimore Running,1.2,129,0:10:01,156,174,2.3,171,178,8:23,7:30,35,74,1.12,--,--,--,--,--,--,--,--,0,--,--,--,--,--,--,"1,710",71.6,No,01:39.8,2,84.2,--,--,--,0:10:00,0:10:01,10,79
Indoor Cycling,9/12/2024 5:21,FALSE,45': Recovery rpm pyramid,12.29,401,0:45:00,136,145,2.4,--,--,16.4,17.7,--,--,--,--,--,--,--,89,126,129,--,30.7,134,127,144,4023,--,--,--,82.4,No,00:00.4,12,86,--,--,--,0:44:55,0:45:00,--,--
Indoor Cycling,9/11/2024 7:12,FALSE,"60': Aerobic flush with 12 x 30"",16.37""",551,1:00:00,130,143,2.7,--,--,16.4,17.8,--,--,--,--,--,--,--,89,123,135,--,45.4,140,132,175,5361,--,--,--,80.6,No,00:00.4,30,84.2,--,--,--,0:59:55,1:00:36,--,--,
Pool Swim,9/10/2024 16:42,FALSE,Pool Swim,"2,200",364,0:46:31,133,162,2.5,--,--,1:46,1:26,--,--,--,--,--,--,--,--,--,--,--,0,--,--,--,1128,39,29,--,--,No,00:05.6,38,--,--,--,--,0:38:44,0:47:00,--,--
Running,9/10/2024 5:44,FALSE,Baltimore Running,3.5,393,0:30:15,148,161,3.6,172,194,8:38,6:45,37,86,1.09,--,--,--,--,--,--,--,--,0,--,--,--,--,--,--,"5,172",66.2,No,04:31.8,4,78.8,--,--,--,0:30:10,0:31:13,1,79
Running,9/8/2024 16:22,FALSE,Baltimore - 6 miles with middle three miles,6,655,0:53:40,147,169,3.8,170,179,8:57,7:40,133,182,1.06,--,--,--,--,--,--,--,--,0,--,--,--,--,--,--,"9,168",77,No,00:01.0,7,82.4,--,--,--,0:53:33,0:54:28,-1,75
Running,9/7/2024 14:17,FALSE,James City County - Transition run with specific tar,2.25,247,0:20:01,157,163,2.9,176,182,8:53,7:41,18,21,1.01,7.7,7.9,224,52.6% L / 47.4% R,--,--,--,--,0,--,--,--,--,--,--,"3,474",84.2,No,00:01.4,5,98.6,33,22,38,0:19:53,0:21:15,28,47
Cycling,9/7/2024 11:59,FALSE,James City County Cycling,39,"1,175",2:01:16,152,166,4,--,--,19.3,27,416,397,--,--,--,--,--,92,124,152,47% L / 53% R,116.7,157,140,644,10731,--,--,--,78.8,No,0:13:55,8,89.6,33,19,39,2:01:09,2:05:06,15,87
Running,9/5/2024 6:21,FALSE,Baltimore Running,2.01,219,0:16:38,153,162,3,173,185,8:17,6:58,75,87,1.12,--,--,--,--,--,--,--,--,0,--,--,--,--,--,--,"2,884",66.2,No,00:02.6,3,82.4,--,--,--,0:16:31,0:17:03,8,84
Indoor Cycling,9/5/2024 5:17,FALSE,60' 20-30s keep a bucket close b,15.71,555,0:57:01,137,155,3,--,--,16.5,19.3,--,--,--,--,--,--,--,88,126,148,--,52,153,141,231,5054,--,--,--,80.6,No,0:00:30,46,86,--,--,--,0:56:45,0:58:04,--,--
Running,9/4/2024 16:50,FALSE,Baltimore Running,3.12,344,0:27:46,149,166,3.2,168,174,8:55,7:40,46,99,1.08,--,--,--,--,--,--,--,--,0,--,--,--,--,--,--,"4,632",78.8,No,01:07.1,4,82.4,--,--,--,0:27:45,0:28:09,1,76
Pool Swim,9/3/2024 15:40,FALSE,Pool Swim,"1,800",295,0:40:40,123,153,2.1,--,--,1:48,1:25,--,--,--,--,--,--,--,--,--,--,--,0,--,--,--,917,40,28,--,--,No,00:02.1,21,--,--,--,--,0:32:20,0:41:17,--,--
Running,9/3/2024 5:16,FALSE,Baltimore - 10x400@5k pace/400AR,6.98,732,1:01:30,152,171,3.8,172,194,8:49,6:11,119,140,1.05,7.7,8.2,242,50.8% L / 49.2% R,--,--,--,--,0,--,--,--,--,--,--,"10,426",64.4,No,00:02.4,23,82.4,33,21,42,1:01:15,1:03:57,3,81
Running,9/1/2024 10:42,FALSE,Howard County Running,2.15,251,0:19:16,175,197,3.1,171,177,8:56,8:32,46,37,1.06,--,--,--,--,--,--,--,--,0,--,--,--,--,--,--,"3,312",82.4,No,01:19.4,3,87.8,--,--,--,0:19:13,0:20:22,360,380
Cycling,9/1/2024 8:31,FALSE,Howard County Cycling,37.19,"1,090",2:00:34,143,164,3.9,--,--,18.5,31.3,"1,658","1,655",--,--,--,--,--,88,113,148,46% L / 54% R,109.1,142,129,516,10122,--,--,--,75.2,No,07:25.1,8,84.2,--,--,--,2:00:33,2:02:21,301,389
Running,8/31/2024 7:58,FALSE,Baltimore Running,6.2,678,0:55:00,150,162,4,173,181,8:52,7:40,93,148,1.05,--,--,--,--,--,--,--,--,0,--,--,--,--,--,--,"9,460",77,No,01:59.7,7,86,--,--,--,0:54:59,0:55:11,-2,75
Running,8/29/2024 5:30,FALSE,Baltimore Running,3.12,351,0:29:48,153,174,3.1,169,178,9:33,7:44,34,91,1,--,--,--,--,--,--,--,--,0,--,--,--,--,--,--,"4,996",82.4,No,01:02.6,4,84.2,--,--,--,0:29:47,0:30:26,-6,73
Running,8/22/2024 6:25,FALSE,Baltimore Running,3.15,347,0:28:21,143,157,3.1,172,236,9:00,7:53,44,94,1.04,--,--,--,--,--,--,--,--,0,--,--,--,--,--,--,"4,860",66.2,No,01:24.4,4,80.6,--,--,--,0:28:20,0:28:43,-6,77
Multisport,8/18/2024 7:15,FALSE,Ironman Copenhagen 2024,139.65,"6,668",11:53:49,--,184,5,--,--,11.7,--,"3,500","3,446",--,--,--,--,--,--,--,--,--,0,--,--,--,--,--,--,--,--,No,--:--:--,5,--,--,--,--,--:--:--,12:01:12,20,278
Open Water Swimming,8/18/2024 6:56,FALSE,Copenhagen Open Water Swimming,124,23,01:52.7,128,141,0.4,--,--,1:31,1:11,--,--,--,--,--,--,--,--,--,--,--,0,--,--,--,46,35,26,--,68,No,01:52.7,1,71.6,--,--,--,0:01:52,02:06.2,--,--
Open Water Swimming,8/15/2024 11:58,FALSE,Copenhagen Open Water Swimming,948,182,0:15:55,122,151,1.2,--,--,1:41,0:06,--,--,--,--,--,--,--,--,--,--,--,0,--,--,--,450,41,30,--,68,No,07:56.2,2,87.8,--,--,--,0:15:22,0:19:58,--,--
Open Water Swimming,8/14/2024 13:58,FALSE,Copenhagen Open Water Swimming,751,134,0:13:01,129,142,1.3,--,--,1:44,1:10,--,--,--,--,--,--,--,--,--,--,--,0,--,--,--,379,42,30,--,68,No,04:27.1,2,89.6,--,--,--,0:12:58,0:15:04,--,--
Running,8/12/2024 8:09,FALSE,Hamburg Running,3.15,349,0:28:01,145,162,3.1,169,177,8:54,7:50,55,30,1.07,--,--,--,--,--,--,--,--,0,--,--,--,--,--,--,"4,746",71.6,No,01:18.4,4,78.8,--,--,--,0:28:00,0:29:02,24,58
Running,8/10/2024 6:40,FALSE,Münster Running,6.26,644,0:56:15,142,158,3.3,169,177,8:59,7:26,141,140,1.06,--,--,--,--,--,--,--,--,0,--,--,--,--,--,--,"9,502",66.2,No,02:16.0,7,78.8,--,--,--,0:55:48,1:00:19,186,221
Cycling,8/8/2024 12:31,FALSE,Münster Cycling,37.23,"1,205",2:07:42,131,152,3.4,--,--,17.5,26.7,335,331,--,--,--,--,--,86,119,158,48% L / 52% R,131.9,163,136,619,9857,--,--,--,69.8,No,09:51.2,8,84.2,27,11,38,2:07:06,2:26:03,198,270
Running,8/7/2024 7:31,FALSE,Cologne Running,3.15,308,0:27:31,137,159,2.6,167,242,8:44,8:10,27,63,1.1,--,--,--,--,--,--,--,--,0,--,--,--,--,--,--,"4,652",73.4,No,01:18.6,4,80.6,--,--,--,0:27:24,0:35:20,121,166
Pool Swim,8/5/2024 6:51,FALSE,Pool Swim,"2,200",440,1:04:10,112,147,1.2,--,--,1:51,1:26,--,--,--,--,--,--,--,--,--,--,--,0,--,--,--,1136,41,28,--,--,No,00:00.8,37,--,--,--,--,0:40:40,1:08:17,--,--
Running,8/4/2024 12:01,FALSE,Frankfurt am Main Running,4,423,0:35:09,153,167,3.1,173,185,8:47,7:39,83,78,1.03,7.8,8.1,223,52.3% L / 47.7% R,--,--,--,--,0,--,--,--,--,--,--,"5,990",77,No,00:02.4,5,80.6,34,22,42,0:34:58,0:41:28,323,366
Cycling,8/4/2024 7:31,FALSE,Frankfurt am Main Cycling,53.26,"1,721",3:27:16,130,153,3.6,--,--,15.4,37.6,"1,709","1,773",--,--,--,--,--,80,121,146,48% L / 52% R,184,139,117,576,14266,--,--,--,66.2,No,0:16:32,11,82.4,27,11,36,3:25:12,4:12:03,301,692
Running,8/3/2024 8:29,FALSE,Frankfurt am Main Running,13.21,"1,427",2:05:00,151,172,4.4,168,196,9:28,8:09,175,189,1.01,--,--,--,--,--,--,--,--,0,--,--,--,--,--,--,"20,908",71.6,No,00:40.3,18,80.6,--,--,--,2:04:28,2:21:12,281,364
Running,8/2/2024 15:29,FALSE,Frankfurt am Main Running,3.14,334,0:28:30,143,155,2.7,168,176,9:04,8:06,186,22,1.05,--,--,--,--,--,--,--,--,0,--,--,--,--,--,--,"4,798",82.4,No,01:22.3,4,91.4,--,--,--,0:28:25,0:34:16,340,381
Pool Swim,8/1/2024 6:11,FALSE,Pool Swim,"3,400",558,1:08:30,114,140,1.3,--,--,1:45,1:17,--,--,--,--,--,--,--,--,--,--,--,0,--,--,--,1641,38,28,--,--,No,00:11.0,28,--,--,--,--,0:59:14,1:09:15,--,--
Cycling,7/31/2024 6:26,FALSE,Monroe Cycling,18.61,551,0:56:45,133,151,2.7,--,--,19.7,27.5,366,374,--,--,--,--,--,88,108,155,47% L / 53% R,56.5,152,140,593,4774,--,--,--,75.2,No,0:11:52,4,84.2,28,15,35,0:56:44,0:58:59,78,157
Pool Swim,7/30/2024 15:54,FALSE,Pool Swim,"2,500",426,1:03:27,117,158,1.9,--,--,1:39,0:57,--,--,--,--,--,--,--,--,--,--,--,0,--,--,--,1220,37,30,--,--,No,00:00.8,38,--,--,--,--,0:41:06,1:04:12,--,--
Running,7/30/2024 6:22,FALSE,Baltimore - Tuesday Track work! descending l,6.75,730,1:05:50,140,167,3.5,161,247,9:45,7:01,77,123,1.01,--,--,--,--,--,--,--,--,0,--,--,--,--,--,--,"10,664",78.8,No,00:11.6,17,84.2,--,--,--,1:05:37,1:08:44,-9,68
Running,7/28/2024 7:16,FALSE,Baltimore Running,14.3,"1,592",2:13:31,151,173,4.7,169,247,9:20,7:25,165,217,1.02,--,--,--,--,--,--,--,--,0,--,--,--,--,--,--,"22,542",78.8,No,00:45.3,20,87.8,--,--,--,2:13:27,2:13:31,-3,75
Indoor Cycling,7/28/2024 5:55,FALSE,30': Aerobic ride @ 70-75% FTP,16.88,601,1:00:15,127,136,2.6,--,--,16.8,22,--,--,--,--,--,--,--,89,98,146,--,53.4,150,145,235,5394,--,--,--,80.6,No,0:03:00,7,84.2,--,--,--,1:00:13,1:01:02,--,--
Cycling,7/27/2024 9:14,FALSE,Cambridge Cycling,43.47,"1,283",2:14:16,137,149,3.3,--,--,19.4,23.1,63,57,--,--,--,--,--,86,105,143,47% L / 53% R,114,152,138,643,11469,--,--,--,80.6,No,09:59.8,9,109.4,28,16,37,2:14:14,2:28:49,1,16
Pool Swim,7/26/2024 8:17,FALSE,Pool Swim,"3,600",720,1:16:15,143,167,3.3,--,--,1:54,1:32,--,--,--,--,--,--,--,--,--,--,--,0,--,--,--,1969,42,29,--,--,No,00:07.6,18,--,--,--,--,1:08:38,1:17:11,--,--
Running,7/25/2024 9:28,FALSE,Baltimore Running,4.01,442,0:35:09,154,169,3.4,174,182,8:47,7:33,49,99,1.05,--,--,--,--,--,--,--,--,0,--,--,--,--,--,--,"6,112",82.4,No,00:01.9,5,87.8,--,--,--,0:35:08,0:35:26,-7,74
Indoor Cycling,7/25/2024 8:17,FALSE,60': Long WU + 20' Building IM e,16.96,602,1:00:00,139,152,2.9,--,--,17,19,--,--,--,--,--,--,--,91,98,151,--,56.3,160,146,185,5508,--,--,--,78.8,No,00:00.3,22,84.2,--,--,--,0:59:58,1:00:16,--,--
Running,7/24/2024 17:39,FALSE,Baltimore Running,3.3,360,0:30:15,150,167,3,169,176,9:10,8:23,49,94,1.04,--,--,--,--,--,--,--,--,0,--,--,--,--,--,--,"5,124",84.2,No,02:54.1,4,87.8,--,--,--,0:30:13,0:32:06,3,65
Indoor Cycling,7/24/2024 7:37,FALSE,60' 2 x 20' efforts at 80%,16.52,567,1:00:01,128,143,2.5,--,--,16.5,20.8,--,--,--,--,--,--,--,91,101,139,--,47.7,146,136,165,5493,--,--,--,78.8,No,00:01.0,11,82.4,--,--,--,0:59:58,1:00:01,--,--
Pool Swim,7/23/2024 16:50,FALSE,Pool Swim,"2,900",580,1:06:28,137,160,2.7,--,--,1:52,1:33,--,--,--,--,--,--,--,--,--,--,--,0,--,--,--,1520,41,28,--,--,No,00:02.7,40,--,--,--,--,0:54:09,1:07:29,--,--
Running,7/23/2024 6:39,FALSE,Baltimore - Tuesday Track (400-800-1200-1600,6,662,0:55:26,148,169,3.5,169,247,9:15,6:35,108,162,1.03,--,--,--,--,--,--,--,--,0,--,--,--,--,--,--,"9,366",77,No,01:54.6,11,82.4,--,--,--,0:55:21,0:55:47,-9,76
Running,7/21/2024 7:42,FALSE,Baltimore Running,5.5,605,0:50:41,147,161,3.4,169,174,9:13,7:54,53,106,1.03,--,--,--,--,--,--,--,--,0,--,--,--,--,--,--,"8,564",78.8,No,01:28.6,7,84.2,--,--,--,0:50:39,0:50:41,-2,78
Cycling,7/20/2024 7:14,FALSE,Loudoun County Cycling,36.02,"1,051",1:56:07,130,147,3.2,--,--,18.6,34.9,"1,335","1,345",--,--,--,--,--,83,115,144,48% L / 52% R,100.6,150,130,674,9261,--,--,--,73.4,No,03:20.8,8,80.6,--,--,--,1:55:55,1:56:18,314,417
Pool Swim,7/19/2024 18:35,FALSE,Pool Swim,"3,000",600,1:07:47,137,164,2.8,--,--,1:55,1:30,--,--,--,--,--,--,--,--,--,--,--,0,--,--,--,1606,42,28,--,--,No,00:07.1,18,--,--,--,--,0:57:39,1:08:15,--,--
Running,7/18/2024 17:46,FALSE,Baltimore Running,4.5,502,0:40:46,154,168,3.3,171,176,9:04,7:58,47,101,1.04,--,--,--,--,--,--,--,--,0,--,--,--,--,--,--,"6,932",86,No,04:29.9,5,89.6,--,--,--,0:40:43,0:40:46,-5,73
Indoor Cycling,7/17/2024 6:57,FALSE,50': Long Warm-up + 2 x (5' IM +,10.12,374,0:35:00,132,149,2.5,--,--,17.3,18.9,--,--,--,--,--,--,--,88,103,157,--,35.6,156,157,186,3102,--,--,--,78.8,No,00:00.4,12,82.4,--,--,--,0:34:59,0:37:40,--,--
Running,7/16/2024 6:31,FALSE,Baltimore Running,3,326,0:26:42,149,165,3,171,178,8:53,7:46,28,86,1.06,--,--,--,--,--,--,--,--,0,--,--,--,--,--,--,"4,548",82.4,No,00:01.9,4,87.8,--,--,--,0:26:42,0:27:24,-6,72
Running,7/14/2024 5:45,FALSE,Baltimore Running,14.3,"1,548",2:29:56,141,158,3.9,162,234,10:29,8:46,181,178,0.94,--,--,--,--,--,--,--,--,0,--,--,--,--,--,--,"24,382",82.4,No,00:34.6,19,93.2,--,--,--,2:29:44,2:37:03,-1,78
Running,7/13/2024 13:01,FALSE,Loudoun County Running,3,349,0:29:35,154,168,2.9,166,175,9:51,8:57,80,88,0.98,8,7.9,229,52.0% L / 48.0% R,--,--,--,--,0,--,--,--,--,--,--,"4,860",91.4,No,00:02.7,4,98.6,35,24,42,0:29:35,0:29:56,372,416
Cycling,7/13/2024 6:00,FALSE,Loudoun County Cycling,110.01,"3,215",5:53:19,133,158,4.8,--,--,18.7,34.6,"4,089","4,096",--,--,--,--,--,83,134,144,48% L / 52% R,303.6,153,130,631,28613,--,--,--,75.2,No,00:02.3,23,98.6,28,12,41,5:53:16,6:48:42,312,428
Pool Swim,7/12/2024 10:36,FALSE,Pool Swim,"1,600",264,0:33:52,115,143,1.2,--,--,1:44,1:26,--,--,--,--,--,--,--,--,--,--,--,0,--,--,--,775,38,28,--,--,No,00:19.1,14,--,--,--,--,0:27:49,0:34:26,--,--
Running,7/11/2024 9:06,FALSE,Baltimore Running,4,438,0:34:42,151,162,3.4,174,179,8:40,7:40,60,119,1.07,--,--,--,--,--,--,--,--,0,--,--,--,--,--,--,"5,998",80.6,No,00:02.1,5,89.6,--,--,--,0:34:41,0:35:19,-1,79
Indoor Cycling,7/11/2024 7:44,FALSE,70': Slow Build + 2 x 6' LT,20.14,729,1:10:00,131,152,3,--,--,17.3,19,--,--,--,--,--,--,--,88,100,160,--,74.3,165,152,195,6181,--,--,--,80.6,No,00:00.4,24,86,--,--,--,1:09:54,1:11:34,--,--
Running,7/10/2024 18:48,FALSE,Baltimore Running,3.15,334,0:28:46,143,160,2.9,169,178,9:07,8:19,73,119,1.04,--,--,--,--,--,--,--,--,0,--,--,--,--,--,--,"4,874",84.2,No,01:25.3,4,89.6,--,--,--,0:28:43,0:30:46,-14,69
Indoor Cycling,7/10/2024 7:05,FALSE,60': Aerobic ride with 10 x 1' e,16.4,571,1:00:00,122,140,2.5,--,--,16.4,19,--,--,--,--,--,--,--,89,100,142,--,50.4,139,137,196,5347,--,--,--,78.8,No,00:00.2,25,82.4,--,--,--,0:59:58,1:03:13,--,--
Pool Swim,7/9/2024 18:14,FALSE,Pool Swim,"2,800",560,1:03:15,131,154,2.4,--,--,1:55,1:30,--,--,--,--,--,--,--,--,--,--,--,0,--,--,--,1461,42,27,--,--,No,00:09.4,36,--,--,--,--,0:53:31,1:03:56,--,--
Running,7/9/2024 6:07,FALSE,Baltimore - Speed work 4 x 1 mi @ 10k,7,745,1:06:01,147,167,3.4,167,180,9:26,7:50,75,123,1.01,8,8.2,234,51.2% L / 48.8% R,--,--,--,--,0,--,--,--,--,--,--,"10,906",82.4,No,01:27.5,11,86,32,19,40,1:05:58,1:07:03,-1,70
Cycling,7/7/2024 5:55,FALSE,Loudoun County Cycling,90.02,"2,540",4:53:34,134,160,4.3,--,--,18.4,35,"3,423","3,419",--,--,--,--,--,87,131,141,48% L / 52% R,243.5,154,123,675,23812,--,--,--,77,No,00:04.5,19,100.4,--,--,--,4:53:31,5:57:38,309,430
Running,7/6/2024 5:52,FALSE,Baltimore Running,16.01,"1,747",2:42:15,147,166,4.2,166,177,10:08,7:47,248,275,0.95,7.9,7.6,223,52.2% L / 47.8% R,--,--,--,--,0,--,--,--,--,--,--,"26,676",82.4,No,00:06.7,17,91.4,33,20,41,2:42:07,2:44:24,-7,75
Indoor Cycling,7/6/2024 5:01,FALSE,31': Easier ride with 4 x 1' eff,8.63,294,0:31:03,125,140,2.1,--,--,16.7,20,--,--,--,--,--,--,--,88,98,143,--,26,144,136,189,2751,--,--,--,80.6,No,00:03.4,14,84.2,26,18,31,0:31:01,0:31:03,--,--
Pool Swim,7/5/2024 14:52,FALSE,Pool Swim,"3,000",600,1:07:41,143,167,3,--,--,1:52,1:32,--,--,--,--,--,--,--,--,--,--,--,0,--,--,--,1545,41,28,--,--,No,00:28.9,30,--,--,--,--,0:55:48,1:08:14,--,--
Running,7/4/2024 8:22,FALSE,Baltimore Running,3.15,355,0:29:06,151,164,3.1,171,177,9:14,8:16,35,81,1.02,--,--,--,--,--,--,--,--,0,--,--,--,--,--,--,"4,970",82.4,No,01:23.9,4,87.8,--,--,--,0:29:04,0:29:44,7,75
Indoor Cycling,7/4/2024 7:07,FALSE,61': Pushing the Redline: 4 x 6',17.76,658,1:01:01,141,162,3.2,--,--,17.5,21.6,--,--,--,--,--,--,--,90,124,168,--,70.8,174,158,259,5542,--,--,--,78.8,No,00:01.3,18,84.2,--,--,--,1:01:00,1:01:01,--,--
Indoor Cycling,7/3/2024 13:18,FALSE,60': Base 4 x 7' low Tempo,16.34,562,1:00:00,124,151,2.7,--,--,16.3,18.4,--,--,--,--,--,--,--,90,127,145,--,52.3,152,135,171,5416,--,--,--,80.6,No,00:00.3,11,84.2,--,--,--,0:59:58,1:00:00,--,--
Pool Swim,7/2/2024 16:40,FALSE,Pool Swim,"2,750",550,1:03:06,133,161,2.5,--,--,1:50,1:23,--,--,--,--,--,--,--,--,--,--,--,0,--,--,--,1431,40,28,--,--,No,00:07.6,56,--,--,--,--,0:50:14,1:03:57,--,--
Running,7/2/2024 7:06,FALSE,Baltimore - Tuesday track! 6 x 1000 broken,9,972,1:23:46,151,174,3.8,168,188,9:18,6:51,148,154,1.01,7.9,8.1,227,52.0% L / 48.0% R,--,--,--,--,0,--,--,--,--,--,--,"13,890",75.2,No,00:17.7,30,84.2,34,15,41,1:23:33,1:25:40,-9,72
Running,6/30/2024 8:19,FALSE,Baltimore Running,14.01,"1,526",2:28:00,150,168,4,161,174,10:34,8:20,292,281,0.93,8,7.6,248,51.2% L / 48.8% R,--,--,--,--,0,--,--,--,--,--,--,"23,620",80.6,No,00:06.1,21,87.8,34,20,43,2:27:52,2:30:31,-3,74
Indoor Cycling,6/30/2024 7:20,FALSE,30': Short aerobic ride,8.44,292,0:30:02,124,135,2.1,--,--,16.9,20.8,--,--,--,--,--,--,--,86,92,145,--,25.8,149,141,172,2590,--,--,--,78.8,No,00:01.7,14,82.4,27,21,33,0:29:59,0:30:02,--,--
Running,6/29/2024 11:49,FALSE,Cambridge Running,2.01,221,0:20:00,139,156,2.3,167,175,9:57,8:57,33,22,0.96,8.2,7.9,243,51.8% L / 48.2% R,--,--,--,--,0,--,--,--,--,--,--,"3,296",89.6,No,00:09.6,3,95,33,25,43,0:19:58,0:20:36,5,22
Cycling,6/29/2024 6:42,FALSE,Cambridge Cycling,85.01,"2,439",4:26:04,135,154,4.1,--,--,19.2,24.6,748,746,--,--,--,--,--,87,108,136,47% L / 53% R,206.1,150,131,466,22775,--,--,--,75.2,No,00:02.5,18,93.2,29,12,39,4:25:53,4:52:16,-6,28
Pool Swim,6/28/2024 15:03,FALSE,Pool Swim,"3,000",600,1:08:08,134,170,2.5,--,--,1:51,1:28,--,--,--,--,--,--,--,--,--,--,--,0,--,--,--,1559,41,28,--,--,No,00:01.8,51,--,--,--,--,0:55:23,1:08:36,--,--
Running,6/27/2024 9:27,FALSE,Baltimore Running,3.15,352,0:29:01,147,157,3.1,171,176,9:13,7:59,41,93,1.02,--,--,--,--,--,--,--,--,0,--,--,--,--,--,--,"4,956",78.8,No,01:18.4,4,84.2,--,--,--,0:29:00,0:29:01,-2,76
Indoor Cycling,6/27/2024 8:20,FALSE,61': 5 x 3' AnC efforts #PassThe,17.69,647,1:01:00,135,160,3,--,--,17.4,20.2,--,--,--,--,--,--,--,85,96,172,--,74.9,170,155,223,5189,--,--,--,80.6,No,00:00.3,26,84.2,--,--,--,1:00:56,1:01:00,--,--
Indoor Cycling,6/26/2024 11:55,FALSE,55': 3 x 3-5' MEs,15.32,526,0:55:00,138,161,2.8,--,--,16.7,22.6,--,--,--,--,--,--,--,88,99,146,--,48.7,155,138,204,4851,--,--,--,78.8,No,00:00.2,16,82.4,--,--,--,0:54:58,0:55:00,--,--
Pool Swim,6/25/2024 9:21,FALSE,Pool Swim,"2,600",520,1:02:15,133,162,2.8,--,--,1:51,1:25,--,--,--,--,--,--,--,--,--,--,--,0,--,--,--,1349,41,28,--,--,No,00:09.7,46,--,--,--,--,0:48:16,1:04:03,--,--
Running,6/25/2024 5:42,FALSE,Baltimore - Tuesday Track (400-800-1200-1600,6,661,0:55:01,149,167,3.6,166,244,9:10,7:07,88,128,1.05,--,--,--,--,--,--,--,--,0,--,--,--,--,--,--,"9,084",73.4,No,00:03.6,12,84.2,--,--,--,0:54:58,0:55:23,6,75
Cycling,6/23/2024 5:14,FALSE,Howard County Cycling,54.02,"1,597",2:56:26,136,159,4.1,--,--,18.4,29.9,"2,398","2,393",--,--,--,--,--,88,141,152,46% L / 54% R,169.7,154,129,405,14554,--,--,--,80.6,No,0:14:19,11,86,--,--,--,2:56:24,3:05:40,289,381
Running,6/22/2024 6:50,FALSE,Baltimore Running,6.25,690,0:55:51,150,164,3.6,171,241,8:56,7:53,64,116,1.05,--,--,--,--,--,--,--,--,0,--,--,--,--,--,--,"9,524",80.6,No,02:11.2,7,86,--,--,--,0:55:48,0:57:41,-3,74
Indoor Cycling,6/22/2024 6:04,FALSE,30': Recovery ride 50%-65% FTP,7.91,245,0:30:00,117,126,1.7,--,--,15.8,16.8,--,--,--,--,--,--,--,87,94,116,--,16.6,120,115,131,2617,--,--,--,78.8,No,00:00.5,5,82.4,--,--,--,0:29:58,0:30:00,--,--
Pool Swim,6/21/2024 15:51,FALSE,Pool Swim,"3,000",600,1:04:28,140,160,2.9,--,--,1:51,1:21,--,--,--,--,--,--,--,--,--,--,--,0,--,--,--,1570,41,28,--,--,No,00:09.6,20,--,--,--,--,0:55:34,1:05:06,--,--
Indoor Cycling,6/20/2024 6:59,FALSE,61': 7 x 5' zone builds with mix,15.39,554,0:54:02,127,153,2.8,--,--,17.1,20.1,--,--,--,--,--,--,--,83,95,161,--,57.7,171,150,213,4527,--,--,--,80.6,No,00:01.6,19,84.2,--,--,--,0:54:02,0:54:02,--,--
Indoor Cycling,6/19/2024 17:00,FALSE,55': 6 x 3' Low Threshold Muscul,11.76,411,0:42:01,121,144,2.4,--,--,16.8,18.9,--,--,--,--,--,--,--,87,95,150,--,38.9,153,142,191,3659,--,--,--,82.4,No,00:00.4,18,84.2,--,--,--,0:42:00,0:42:51,--,--
Pool Swim,6/18/2024 16:17,FALSE,Pool Swim,"2,650",530,1:01:47,125,156,2.1,--,--,1:51,1:28,--,--,--,--,--,--,--,--,--,--,--,0,--,--,--,1281,40,26,--,--,No,00:01.1,36,--,--,--,--,0:48:58,1:02:24,--,--
Running,6/18/2024 6:17,FALSE,"Baltimore - 35': Recovery run @, below, abov",3.5,377,0:31:25,146,159,3.1,172,179,8:58,7:41,53,94,1.04,--,--,--,--,--,--,--,--,0,--,--,--,--,--,--,"5,392",77,No,01:02.8,7,82.4,--,--,--,0:31:22,0:32:07,-2,74
Running,6/16/2024 10:26,FALSE,Loudoun County Running,2.5,278,0:24:16,147,157,2.6,171,182,9:42,8:39,57,63,0.97,7.9,7.8,240,54.9% L / 45.1% R,--,--,--,--,0,--,--,--,--,--,--,"4,096",84.2,No,04:56.8,3,87.8,32,23,41,0:23:58,0:27:22,297,346
Cycling,6/16/2024 6:15,FALSE,Loudoun County Cycling,70.6,"2,132",3:51:20,127,150,4.2,--,--,18.3,31.6,"2,646","2,656",--,--,--,--,--,87,137,149,46% L / 54% R,212.8,162,132,549,19122,--,--,--,64.4,No,02:02.2,15,84.2,26,13,35,3:51:16,3:59:53,262,412
Running,6/15/2024 8:20,FALSE,Baltimore Running,14.01,"1,489",2:13:24,151,163,4.2,170,181,9:31,7:58,277,320,0.99,7.8,7.8,240,50.5% L / 49.5% R,--,--,--,--,0,--,--,--,--,--,--,"22,454",78.8,No,02:26.5,18,89.6,33,18,41,2:13:19,2:16:20,-6,73
Indoor Cycling,6/15/2024 7:24,FALSE,30': Open the legs!,8.42,295,0:30:02,124,138,2.2,--,--,16.8,19.4,--,--,--,--,--,--,--,86,95,147,--,26.5,149,142,182,2595,--,--,--,78.8,No,00:01.9,13,80.6,29,20,39,0:30:01,0:30:02,--,--
Pool Swim,6/14/2024 8:04,FALSE,Pool Swim,"3,000",600,1:09:13,123,145,2,--,--,1:53,1:33,--,--,--,--,--,--,--,--,--,--,--,0,--,--,--,1570,41,28,--,--,No,00:11.6,36,--,--,--,--,0:56:31,1:09:47,--,--
Running,6/13/2024 8:40,FALSE,Baltimore Running,3.11,344,0:28:21,158,180,3,174,182,9:07,7:26,848,867,1.01,--,--,--,--,--,--,--,--,0,--,--,--,--,--,--,"4,946",78.8,No,0:28:21,1,86,--,--,--,0:28:20,0:29:15,-70,140
Indoor Cycling,6/13/2024 7:33,FALSE,61': 12 x 1' efforts above thres,17.21,604,1:01:01,129,155,2.9,--,--,16.9,21.6,--,--,--,--,--,--,--,90,101,162,--,66.2,154,144,254,5538,--,--,--,80.6,No,00:00.5,32,86,--,--,--,1:01:00,1:01:01,--,--
Running,6/12/2024 16:33,FALSE,Baltimore Running,3.75,400,0:35:00,147,161,3,170,176,9:20,7:50,798,909,1.02,--,--,--,--,--,--,--,--,0,--,--,--,--,--,--,"5,962",84.2,No,0:35:00,1,89.6,--,--,--,0:34:59,0:36:46,"-1,640","-1,640"
Indoor Cycling,6/12/2024 7:33,FALSE,55': 5 x (5' LT + 1' High AeC) @,15.53,548,0:55:00,129,147,2.7,--,--,16.9,27.6,--,--,--,--,--,--,--,81,95,152,--,52.3,161,145,194,4484,--,--,--,80.6,No,00:00.2,19,84.2,--,--,--,0:54:57,0:55:00,--,--
Pool Swim,6/11/2024 15:56,FALSE,Pool Swim,"2,800",540,1:10:29,129,156,2.5,--,--,1:54,1:38,--,--,--,--,--,--,--,--,--,--,--,0,--,--,--,1406,42,27,--,--,No,00:01.2,33,--,--,--,--,0:54:16,1:17:53,--,--
Running,6/11/2024 6:57,FALSE,Baltimore - Speed work 2 x (3 x 1200) @ 5k,10.65,"1,119",1:40:40,150,171,4.1,167,185,9:27,6:58,"2,521","2,508",1,7.5,7.7,238,51.4% L / 48.6% R,--,--,--,--,0,--,--,--,--,--,--,"16,566",69.8,No,00:06.4,20,77,32,19,40,1:40:26,1:43:03,"-1,640","-1,640"
Running,6/9/2024 11:08,FALSE,Loudoun County Running,2.1,242,0:20:01,157,162,2.6,173,176,9:32,9:11,151,161,0.98,7.6,7.6,225,51.9% L / 48.1% R,--,--,--,--,0,--,--,--,--,--,--,"3,418",86,No,00:52.4,3,89.6,35,29,41,0:20:00,0:21:05,"-1,640","-1,640"
Cycling,6/9/2024 7:11,FALSE,Loudoun County Cycling,65.01,"1,808",3:33:29,132,157,3.8,--,--,18.3,31.9,"2,381","53,927",--,--,--,--,--,85,121,138,48% L / 52% R,169.5,142,120,545,17231,--,--,--,73.4,No,00:02.5,14,87.8,27,13,38,3:32:08,3:45:47,"-1,640","65,653"
Running,6/8/2024 8:01,FALSE,Baltimore Running,13.1,"1,370",1:59:05,154,167,4.4,172,185,9:05,7:37,"2,813","3,042",1.01,7.8,8,236,50.5% L / 49.5% R,--,--,--,--,0,--,--,--,--,--,--,"20,284",75.2,No,03:48.7,12,87.8,34,19,42,1:58:58,2:04:26,-168,77
Indoor Cycling,6/8/2024 7:10,FALSE,30': Easy pyramid to open legs,8.19,272,0:30:01,124,137,2.1,--,--,16.4,17.2,--,--,--,--,--,--,--,87,95,132,--,21.4,137,130,151,2616,--,--,--,82.4,No,03:00.7,8,87.8,--,--,--,0:29:54,0:30:01,--,--
Pool Swim,6/7/2024 12:55,FALSE,Pool Swim,"2,900",550,1:00:49,126,158,2.3,--,--,1:40,1:19,--,--,--,--,--,--,--,--,--,--,--,0,--,--,--,1410,37,29,--,--,No,00:01.7,27,--,--,--,--,0:48:35,1:01:43,--,--
Running,6/6/2024 9:09,FALSE,Baltimore Running,2.75,305,0:25:05,158,172,3,172,182,9:08,7:37,778,644,1,7.7,7.8,218,52.5% L / 47.5% R,--,--,--,--,0,--,--,--,--,--,--,"4,290",80.6,No,07:35.5,3,82.4,34,24,40,0:25:04,0:26:01,59,241
Indoor Cycling,6/6/2024 8:00,FALSE,60': 5 x (5' ME effort + 3' easy,16.86,599,1:00:01,138,161,3.1,--,--,16.9,19.1,--,--,--,--,--,--,--,82,94,158,--,62,165,145,206,4963,--,--,--,78.8,No,00:00.6,22,84.2,--,--,--,0:59:59,1:00:01,--,--
Running,6/5/2024 17:38,FALSE,Baltimore Running,3.1,345,0:29:55,151,162,2.9,169,175,9:39,8:29,"90,310",759,0.98,8.3,8.3,239,51.3% L / 48.7% R,--,--,--,--,0,--,--,--,--,--,--,"5,024",77,No,01:02.0,4,87.8,32,17,44,0:29:52,0:30:01,"-1,640","65,753"
Indoor Cycling,6/5/2024 7:37,FALSE,55': 6 x 3' simulated hill climb,15.05,516,0:55:00,134,166,2.7,--,--,16.4,18.8,--,--,--,--,--,--,--,82,101,144,--,47.5,150,135,183,4552,--,--,--,78.8,No,00:00.3,20,82.4,--,--,--,0:55:00,0:55:00,--,--
Pool Swim,6/4/2024 15:44,FALSE,Pool Swim,"2,750",550,0:59:12,139,161,2.7,--,--,1:54,1:39,--,--,--,--,--,--,--,--,--,--,--,0,--,--,--,1447,42,28,--,--,No,00:12.6,16,--,--,--,--,0:52:23,0:59:43,--,--
Running,6/4/2024 7:29,FALSE,Baltimore - Speed work 5 x 1000 @ 5k,6.68,754,1:04:45,155,176,3.7,165,186,9:42,7:04,"1,904","2,056",0.99,7.7,7.7,241,51.1% L / 48.9% R,--,--,--,--,0,--,--,--,--,--,--,"10,628",78.8,No,00:00.5,13,89.6,33,19,43,1:04:26,1:05:12,"19,436","19,720"
Multisport,6/2/2024 9:09,FALSE,Rock Hall Sprint,18.48,960,1:28:47,--,182,4,--,--,12.5,--,"102,456","33,037",--,--,--,--,--,--,--,--,--,0,--,--,--,--,--,--,--,--,No,--:--:--,5,--,--,--,--,--:--:--,1:28:47,"-1,640","65,617"
Cycling,6/1/2024 7:03,FALSE,Arlington County Cycling,61.46,"1,712",2:56:26,142,158,4.4,--,--,20.9,35.7,"3,028","2,960",--,--,--,--,--,90,114,162,47% L / 53% R,192,152,140,635,14843,--,--,--,68,No,04:39.4,13,82.4,30,18,40,2:56:08,2:56:26,"-1,640","-1,640"
Pool Swim,5/31/2024 11:47,FALSE,Pool Swim,"1,800",360,0:46:29,133,161,2.4,--,--,1:49,1:31,--,--,--,--,--,--,--,--,--,--,--,0,--,--,--,947,40,29,--,--,No,00:02.8,15,--,--,--,--,0:32:49,0:47:18,--,--
Running,5/30/2024 7:43,FALSE,Baltimore Running,2.8,297,0:25:00,146,160,2.9,173,179,8:56,7:12,"1,645","3,288",1.04,7,7.5,243,55.6% L / 44.4% R,--,--,--,--,0,--,--,--,--,--,--,"4,294",68,No,01:14.6,4,80.6,31,19,39,0:24:58,0:25:45,"-1,640",59
Indoor Cycling,5/30/2024 6:37,FALSE,60': Tabatas: 4 rounds of 5 x 30,17.09,612,1:00:00,132,153,3,--,--,17.1,21.6,--,--,--,--,--,--,--,90,124,158,--,62.3,160,149,261,5422,--,--,--,75.2,No,00:00.2,59,82.4,--,--,--,0:59:56,1:00:00,--,--
Running,5/29/2024 17:29,FALSE,Baltimore Running,3,329,0:29:55,141,160,2.6,167,172,9:57,8:27,571,"25,719",0.97,--,--,--,--,--,--,--,--,0,--,--,--,--,--,--,"4,996",73.4,No,00:02.4,4,86,--,--,--,0:29:54,0:30:19,"-1,640",59
Indoor Cycling,5/29/2024 7:32,FALSE,60': Active Recovery with 5 x 1',16.43,542,1:00:00,130,166,2.5,--,--,16.4,17.8,--,--,--,--,--,--,--,88,97,132,--,43.4,137,129,161,5321,--,--,--,77,No,00:00.3,21,82.4,--,--,--,1:00:00,1:00:00,--,--
Pool Swim,5/28/2024 16:08,FALSE,Pool Swim,"2,750",550,1:02:20,129,156,2.3,--,--,1:53,1:28,--,--,--,--,--,--,--,--,--,--,--,0,--,--,--,1465,41,28,--,--,No,00:13.1,32,--,--,--,--,0:51:36,1:03:13,--,--
Running,5/28/2024 7:08,FALSE,Baltimore - Speed work 2 x (3 x 800) @5k,7.5,785,1:06:16,151,168,3.8,171,184,8:50,7:00,"1,509","1,573",1.06,7.4,8,241,51.0% L / 49.0% R,--,--,--,--,0,--,--,--,--,--,--,"11,220",75.2,No,02:13.1,15,82.4,34,13,41,1:06:06,1:06:51,-123,73
Cycling,5/26/2024 8:42,FALSE,Howard County Cycling,40.01,"1,184",2:04:51,140,160,3.8,--,--,19.2,30.1,"1,950","1,936",--,--,--,--,--,86,105,164,46% L / 54% R,138.6,158,136,354,10192,--,--,--,77,No,03:26.8,9,84.2,31,18,40,2:04:49,2:04:51,"-1,640","-1,640"
Running,5/25/2024 7:30,FALSE,Baltimore Running,6.75,752,1:00:04,157,170,3.8,173,179,8:54,7:11,"41,773","2,007",1.04,7.4,7.9,213,52.0% L / 48.0% R,--,--,--,--,0,--,--,--,--,--,--,"10,282",77,No,05:00.5,6,84.2,35,21,42,1:00:03,1:00:42,"-1,640","65,617"
Indoor Cycling,5/25/2024 6:38,FALSE,40': Repeat 3 times: 3' Tempo +,11.11,400,0:39:00,130,150,2.6,--,--,17.1,18.9,--,--,--,--,--,--,--,88,96,158,--,40.1,161,149,202,3455,--,--,--,80.6,No,00:00.5,15,84.2,--,--,--,0:39:00,0:39:00,--,--
Pool Swim,5/24/2024 13:51,FALSE,Pool Swim,"2,600",520,0:52:48,128,148,2.1,--,--,1:42,1:25,--,--,--,--,--,--,--,--,--,--,--,0,--,--,--,1209,37,27,--,--,No,00:12.2,22,--,--,--,--,0:44:06,0:56:29,--,--
Indoor Cycling,5/23/2024 15:41,FALSE,60': 1x10' LT ME + 2x8' tempo +,16.82,591,1:00:00,138,160,3,--,--,16.8,20.1,--,--,--,--,--,--,--,84,97,153,--,58,159,142,232,5091,--,--,--,82.4,No,00:00.3,17,86,--,--,--,0:59:59,1:00:00,--,--
Pool Swim,5/22/2024 13:35,FALSE,Pool Swim,"2,000",400,1:02:51,111,147,1,--,--,1:38,1:21,--,--,--,--,--,--,--,--,--,--,--,0,--,--,--,903,36,28,--,--,No,00:07.6,36,--,--,--,--,0:32:32,1:06:43,--,--
Running,5/22/2024 6:58,FALSE,Baltimore Running,3.01,311,0:25:17,151,168,3.1,177,187,8:25,7:07,614,701,1.08,--,--,--,--,--,--,--,--,0,--,--,--,--,--,--,"4,474",73.4,No,00:02.2,4,84.2,--,--,--,0:25:16,0:25:29,"7,009","7,160"
Indoor Cycling,5/21/2024 6:22,FALSE,60': Active Recovery with 5 x 1',16.39,543,1:00:00,126,141,2.5,--,--,16.4,19.2,--,--,--,--,--,--,--,90,99,132,--,43.3,138,129,161,5428,--,--,--,78.8,No,00:00.3,21,82.4,--,--,--,0:59:55,1:00:33,--,--
Running,5/19/2024 6:02,FALSE,Marine Corps Historic Half,13.29,"1,431",1:59:05,155,167,4.6,173,180,8:58,7:35,"6,231","19,842",1.04,7.4,7.9,244,52.2% L / 47.8% R,--,--,--,--,0,--,--,--,--,--,--,"20,428",69.8,No,02:22.0,14,77,35,19,43,1:59:00,1:59:05,"-1,640","-1,640"
Running,5/18/2024 10:40,FALSE,Baltimore Running,3.43,372,0:30:01,149,169,3.1,172,180,8:44,7:14,776,866,1.07,--,--,--,--,--,--,--,--,0,--,--,--,--,--,--,"5,172",73.4,No,0:30:01,1,80.6,--,--,--,0:30:01,0:30:35,"65,465","65,637"
Running,5/17/2024 16:54,FALSE,Baltimore Running,3.28,352,0:30:01,146,157,2.9,169,174,9:09,8:04,"15,722","2,346",1.04,--,--,--,--,--,--,--,--,0,--,--,--,--,--,--,"5,088",75.2,No,0:30:01,1,80.6,--,--,--,0:29:56,0:30:18,59,"13,879"
Indoor Cycling,5/17/2024 7:18,FALSE,60': Active Recovery with 5 x 1',16.51,546,1:00:14,121,136,2.5,--,--,16.4,19.7,--,--,--,--,--,--,--,89,96,132,--,44.9,138,129,189,5364,--,--,--,77,No,00:14.1,21,80.6,--,--,--,1:00:14,1:00:14,--,--
Running,5/16/2024 11:51,FALSE,Cambridge Running,2.35,264,0:20:11,163,172,3,175,179,8:35,7:55,"11,828",200,1.07,6.7,7.4,220,53.3% L / 46.7% R,--,--,--,--,0,--,--,--,--,--,--,"3,504",77,No,0:20:11,1,84.2,36,24,41,0:20:06,0:20:11,"49,187","60,873"
Cycling,5/16/2024 8:08,FALSE,Cambridge Cycling,56.67,"1,706",3:08:35,141,162,3.8,--,--,18,27.2,"208,353","212,006",--,--,--,--,--,86,107,141,45% L / 55% R,160.2,157,129,698,15387,--,--,--,69.8,No,06:26.1,12,87.8,28,12,38,3:06:18,3:27:29,"-1,640","79,341"
Pool Swim,5/15/2024 8:06,FALSE,Pool Swim,"3,100",555,1:08:58,--,--,--,--,--,1:36,1:20,--,--,--,--,--,--,--,--,--,--,--,0,--,--,--,2440,44,58,--,--,No,00:04.2,44,--,--,--,--,0:57:07,1:09:32,--,--
Running,5/14/2024 7:08,FALSE,Baltimore - 50': 3x3' 10k + 3x3' 5k pace,5.7,630,0:50:01,154,174,3.8,174,185,8:46,7:22,"1,334","1,250",1.05,--,--,--,--,--,--,--,--,0,--,--,--,--,--,--,"8,660",68,No,00:01.4,15,77,--,--,--,0:50:00,0:50:28,"-1,640","-1,640"
Multisport,5/12/2024 8:01,FALSE,Kinetic Triathlon Festival Sprint,19.22,960,1:34:21,--,159,3.3,--,--,12.2,--,963,922,--,--,--,--,--,--,--,--,--,0,--,--,--,--,--,--,--,--,No,--:--:--,5,--,--,--,--,--:--:--,1:34:21,82,270
Multisport,5/11/2024 7:32,FALSE,Kinetic Triathlon Festival Olympic,31.99,"1,722",2:48:27,--,163,4,--,--,11.4,--,"1,601","1,618",--,--,--,--,--,--,--,--,--,0,--,--,--,--,--,--,--,--,No,--:--:--,5,--,--,--,--,--:--:--,2:48:27,115,407
Running,5/9/2024 10:04,FALSE,Baltimore Running,2.28,249,0:20:01,152,171,2.8,173,186,8:46,7:23,37,108,1.06,--,--,--,--,--,--,--,--,0,--,--,--,--,--,--,"3,486",75.2,No,04:44.1,4,84.2,--,--,--,0:19:59,0:20:17,-16,80
Indoor Cycling,5/9/2024 8:56,FALSE,Muscular endurance Fun,17.03,614,1:00:07,136,154,3.1,--,--,17,23.9,--,--,--,--,--,--,--,76,125,160,--,65.3,170,148,217,4591,--,--,--,80.6,No,00:06.6,21,86,--,--,--,1:00:07,1:00:07,--,--
Pool Swim,5/8/2024 13:48,FALSE,Pool Swim,"3,000",580,1:09:37,126,150,2.1,--,--,1:40,1:07,--,--,--,--,--,--,--,--,--,--,--,0,--,--,--,1340,36,28,--,--,No,00:29.3,42,--,--,--,--,0:50:38,1:10:13,--,--
Running,5/8/2024 5:49,FALSE,Baltimore - 45': 20' marathon pace + faster,5.2,561,0:46:46,146,163,3.5,174,185,9:00,6:58,55,115,1.03,--,--,--,--,--,--,--,--,0,--,--,--,--,--,--,"8,106",73.4,No,01:46.4,7,80.6,--,--,--,0:46:43,0:47:40,-20,69
Running,5/7/2024 17:45,FALSE,Baltimore Running,2.71,290,0:25:15,143,158,2.7,169,174,9:20,8:21,22,95,1.02,--,--,--,--,--,--,--,--,0,--,--,--,--,--,--,"4,290",77,No,0:25:15,1,80.6,--,--,--,0:25:15,0:26:27,-18,72
Indoor Cycling,5/7/2024 7:40,FALSE,60': 40 high AeT @ varying caden,16.57,564,1:00:01,132,142,2.7,--,--,16.6,21,--,--,--,--,--,--,--,88,107,137,--,47.8,143,135,153,5292,--,--,--,77,No,00:01.4,13,84.2,--,--,--,0:59:58,1:00:01,--,--
Running,5/5/2024 14:17,FALSE,Baltimore Running,3,321,0:25:15,152,176,3.2,174,185,8:24,7:22,33,106,1.1,--,--,--,--,--,--,--,--,0,--,--,--,--,--,--,"4,416",69.8,No,0:25:15,1,80.6,--,--,--,0:25:11,0:26:08,-15,75
Indoor Cycling,5/5/2024 11:02,FALSE,180' 4 x Muscular endurance sets,50.01,"1,668",3:00:08,122,145,3.6,--,--,16.7,24.5,--,--,--,--,--,--,--,81,124,137,--,145.7,149,133,199,14623,--,--,--,77,No,00:08.2,17,82.4,--,--,--,2:59:56,3:00:08,--,--
Running,5/4/2024 13:43,FALSE,Baltimore Running,9.01,952,1:19:31,151,163,3.9,175,182,8:49,7:37,178,247,1.04,7.3,7.8,240,55.4% L / 44.6% R,--,--,--,--,0,--,--,--,--,--,--,"13,782",60.8,No,04:28.0,7,80.6,33,23,42,1:19:26,1:19:46,-30,68
Indoor Cycling,5/4/2024 13:00,FALSE,30' harder leg opener,8.38,298,0:30:05,134,152,2.6,--,--,16.7,21.6,--,--,--,--,--,--,--,87,96,153,--,29.9,164,144,187,2646,--,--,--,78.8,No,00:04.5,12,82.4,29,18,35,0:30:04,0:30:05,--,--
Pool Swim,5/3/2024 14:39,FALSE,Pool Swim,"3,000",480,1:20:04,125,160,2.3,--,--,1:39,1:14,--,--,--,--,--,--,--,--,--,--,--,0,--,--,--,1060,36,27,--,--,No,00:04.3,78,--,--,--,--,0:53:13,1:20:44,--,--
Running,5/2/2024 11:48,FALSE,Baltimore Running,2.44,261,0:20:02,159,173,3.1,176,186,8:14,7:34,43,77,1.11,--,--,--,--,--,--,--,--,0,--,--,--,--,--,--,"3,554",87.8,No,03:26.8,3,93.2,--,--,--,0:20:01,0:21:30,22,94
Indoor Cycling,5/2/2024 10:40,FALSE,60': 6 x 8' increasing efforts b,17.08,622,1:00:00,135,154,3.1,--,--,17.1,18,--,--,--,--,--,--,--,89,98,156,--,62.1,163,151,181,5382,--,--,--,82.4,No,00:00.4,13,87.8,--,--,--,1:00:00,1:00:00,--,--
Pool Swim,5/1/2024 13:22,FALSE,Pool Swim,"2,975",574,1:15:24,125,155,2.1,--,--,1:38,1:17,--,--,--,--,--,--,--,--,--,--,--,0,--,--,--,1303,36,28,--,--,No,00:19.7,70,--,--,--,--,0:49:37,1:15:52,--,--
Running,5/1/2024 6:13,FALSE,Baltimore - 40': 20' Ez + 15' desc + 5' CD,4.51,485,0:40:00,147,165,3.5,172,182,8:53,6:46,112,145,1.04,--,--,--,--,--,--,--,--,0,--,--,--,--,--,--,"6,952",73.4,No,00:00.4,7,84.2,--,--,--,0:39:58,0:40:21,-26,66
Running,4/30/2024 14:59,FALSE,Baltimore Running,2.71,295,0:25:01,152,169,2.8,169,174,9:14,8:19,49,90,1.03,--,--,--,--,--,--,--,--,0,--,--,--,--,--,--,"4,208",86,No,06:58.5,3,95,--,--,--,0:24:59,0:25:35,17,91
Indoor Cycling,4/30/2024 7:46,FALSE,60' Muscular Endurance work. Pay,16.53,560,1:00:00,137,154,2.8,--,--,16.5,18.8,--,--,--,--,--,--,--,81,98,142,--,51.5,141,134,"2,495",4895,--,--,--,80.6,No,00:00.4,19,86,--,--,--,1:00:00,1:00:19,--,--
Cycling,4/28/2024 8:08,FALSE,Loudoun County Cycling,50.01,"1,439",2:45:25,127,150,3.6,--,--,18.1,31.4,"1,801","1,878",--,--,--,--,--,86,120,143,46% L / 54% R,145.8,147,123,629,13149,--,--,--,59,No,00:03.3,11,77,26,17,36,2:45:18,2:59:54,236,419
Running,4/27/2024 14:10,FALSE,Baltimore Running,8.5,938,1:13:22,155,168,4.6,174,185,8:38,6:37,136,169,1.07,--,--,--,--,--,--,--,--,0,--,--,--,--,--,--,"12,762",62.6,No,01:08.9,14,80.6,--,--,--,1:13:18,1:13:38,-19,59
Indoor Cycling,4/27/2024 13:30,FALSE,Indoor Cycling,8.15,275,0:30:01,135,152,2.4,--,--,16.3,17.4,--,--,--,--,--,--,--,92,130,135,--,23.1,141,131,151,2794,--,--,--,78.8,No,0:11:38,2,82.4,--,--,--,0:29:58,0:30:02,--,--
Indoor Cycling,4/26/2024 6:31,FALSE,Indoor Cycling,12.5,443,0:45:02,139,152,2.8,--,--,16.7,17.6,--,--,--,--,--,--,--,89,120,144,--,39.5,150,142,151,4029,--,--,--,77,No,08:57.2,3,80.6,--,--,--,0:45:00,0:45:02,--,--
